mp-1192025,0.36921584606170654,0.4826137125492096
mp-7909,0.5276299118995667,0.5180933475494385
mp-16764,0.08278536796569824,0.04889744520187378
mp-4979,1.1357685327529907,1.110445499420166
mp-1707,0.4424797594547272,0.3580370247364044
mp-20758,1.1869562864303589,1.2927634716033936
mp-541686,0.1303337663412094,0.19205006957054138
mp-4139,0.7505083680152893,0.8176713585853577
mp-560398,0.5646660923957825,0.4431222379207611
mp-4309,0.14612802863121033,-0.006805002689361572
mp-1068813,0.3344537615776062,0.1316106617450714
mp-13872,0.48855072259902954,0.3137351870536804
mp-31060,0.07188200950622559,0.0877140462398529
mp-644103,1.0733517408370972,1.0090606212615967
mp-568293,0.7347998023033142,0.7761638760566711
mp-5621,0.4756712019443512,0.369925856590271
mp-14591,0.1492191106081009,0.23012599349021912
mp-2624,1.7743709087371826,1.854538917541504
mp-2885,1.132259726524353,0.9744434952735901
mp-680170,-0.055517327040433884,-0.15466320514678955
mp-3828,0.584331214427948,0.5716326832771301
mp-8098,1.2692793607711792,1.12176513671875
mp-28743,0.025305865332484245,-0.020251095294952393
mp-1868,0.7250944972038269,0.6968458890914917
mp-555676,1.181843638420105,1.170434594154358
mp-27931,-0.013228265568614006,0.02210944890975952
mp-8016,0.860338032245636,0.7780183553695679
mp-943,0.8312296867370605,0.7746569514274597
mp-370,0.8926510214805603,0.6620948910713196
mp-866692,0.4969296455383301,0.49526649713516235
mp-29036,0.3979400098323822,0.37230247259140015
mp-226,0.6928468942642212,0.6713942885398865
mp-1192773,0.7831887006759644,0.5643009543418884
mp-1868,0.8779469728469849,0.6968458890914917
mp-553991,1.206286072731018,1.191011667251587
mp-9635,0.5538830161094666,0.3876267671585083
mp-3497,1.0068937540054321,0.8989113569259644
mp-975237,-0.0969100147485733,-0.17436188459396362
mp-554278,1.9564086198806763,1.486818790435791
mp-1204783,-0.09151498228311539,-0.09490811824798584
mp-5238,0.9982593655586243,1.00040864944458
mp-2231,0.39269694685935974,0.337857186794281
mp-540633,0.4099331200122833,0.42137855291366577
mp-29745,0.19589965045452118,0.22686129808425903
mp-1018652,-0.07058107107877731,-0.080483078956604
mp-9318,0.1172712966799736,0.03178441524505615
mp-9200,-0.07058107107877731,-0.06803661584854126
mp-4287,1.013258695602417,1.0526645183563232
mp-20088,0.36361196637153625,0.34909921884536743
mp-7446,-0.036212172359228134,0.02451610565185547
mp-226,0.6946051716804504,0.6713942885398865
mp-2857,1.8071966171264648,1.7708239555358887
mp-556118,0.23552845418453217,0.18946623802185059
mp-13033,1.1055102348327637,0.9382463693618774
mp-540784,0.799340546131134,0.844874382019043
mp-2534,1.3424227237701416,1.22768235206604
mp-18008,0.1702617108821869,0.16438817977905273
mp-1025500,0.9164539575576782,0.8405683040618896
mp-3497,1.0068937540054321,0.8989113569259644
mp-4979,1.1373541355133057,1.110445499420166
mp-571046,0.5670263767242432,0.6093854904174805
mp-17947,0.3961993455886841,0.4374670684337616
mp-1192773,0.49415460228919983,0.5643009543418884
mp-1103554,0.7505083680152893,0.6740231513977051
mp-1009087,1.1000257730484009,1.0333961248397827
mp-15252,0.812244713306427,0.761967122554779
mp-624253,-0.3979400098323822,-0.10498940944671631
mp-22611,0.7109631299972534,0.7103283405303955
mp-6228,1.1195857524871826,0.9149481058120728
mp-3762,0.5599066019058228,0.48991724848747253
mp-7084,0.3443922698497772,0.3350430727005005
mp-1197203,0.4132997691631317,0.524185299873352
mp-3043,0.4116196930408478,0.3134003281593323
mp-4338,0.7626785635948181,0.7612564563751221
mp-1479,2.439190626144409,2.5581483840942383
mp-1477,0.15533603727817535,0.20989972352981567
mp-6984,0.07554696500301361,-0.013435721397399902
mp-568036,0.8182259202003479,0.7825445532798767
mp-7765,0.38201704621315,0.37170472741127014
mp-505767,0.008600171655416489,-0.03916120529174805
mp-560417,0.5705429315567017,0.6866934895515442
mp-1222,0.8129133582115173,0.7809607982635498
mp-29410,0.399673730134964,0.4041757881641388
mp-3771,1.5027002096176147,1.111008882522583
mp-3359,0.9047155380249023,0.7017794251441956
mp-571189,0.012837224639952183,-0.04298043251037598
mp-6228,0.9712758660316467,0.9149481058120728
mp-18309,0.2405492514371872,0.2125035524368286
mp-11770,0.9132838845252991,0.9076579809188843
mp-12181,0.08990511298179626,0.14376094937324524
mp-1068941,0.19033169746398926,0.10425496101379395
mp-571281,1.5983526706695557,1.5692908763885498
mp-1191072,0.12710480391979218,0.013315200805664062
mp-867334,0.1492191106081009,0.23413333296775818
mp-15220,0.0,0.0068825483322143555
mp-608823,-0.20760831236839294,-0.09127992391586304
mp-1714,0.7250944972038269,0.7159118056297302
mp-3835,0.3979400098323822,0.2741450369358063
mp-9566,0.406540185213089,0.4163168966770172
mp-1205388,-0.022276394069194794,-0.004924654960632324
mp-560321,0.8102325201034546,0.9938260316848755
mp-8931,-0.055517327040433884,-0.13588309288024902
mp-1080080,1.0051804780960083,0.8396271467208862
mp-733,0.6599162220954895,0.6673348546028137
mp-865606,-0.14874164760112762,-0.0973857045173645
mp-10044,1.9627480506896973,2.0861196517944336
mp-3338,0.802089273929596,0.8419687747955322
mp-3904,1.1835545301437378,1.018957257270813
mp-5096,1.37675940990448,1.028782606124878
mp-4227,0.22788670659065247,0.21318846940994263
mp-5238,0.9982593655586243,1.00040864944458
mp-568018,-0.055517327040433884,-0.13069838285446167
mp-5693,0.7234556674957275,0.6627914309501648
mp-3378,1.1752218008041382,1.211609125137329
mp-9698,-0.1249387338757515,-0.1335124969482422
mp-4533,0.7693773508071899,0.6795040965080261
mp-20256,0.12057393044233322,0.1045626699924469
mp-557225,0.4345689117908478,0.6236410737037659
mp-17835,-0.03151705116033554,-0.041031837463378906
mp-603934,0.8061800003051758,0.5975961089134216
mp-4651,0.879669189453125,0.7825514078140259
mp-558580,0.9947569370269775,0.7098216414451599
mp-13178,1.8226256370544434,1.7416269779205322
mp-9145,-0.16115090250968933,-0.13566672801971436
mp-7939,0.38201704621315,0.4733159840106964
mp-3835,0.40483370423316956,0.2741450369358063
mp-35785,0.666517972946167,0.6287273168563843
mp-1104078,0.6821450591087341,0.3972393274307251
mp-22230,0.8014037013053894,0.5909436941146851
mp-21855,0.3263358473777771,0.30911150574684143
mp-559928,1.6089537143707275,1.891057014465332
mp-20456,0.5987905263900757,0.5738739967346191
mp-15567,0.14612802863121033,0.20109772682189941
mp-9710,1.385427474975586,1.2636008262634277
mp-21511,0.1303337663412094,0.16790097951889038
mp-1191903,0.3424226939678192,0.28461793065071106
mp-7999,1.3972445726394653,1.2688485383987427
mp-560527,0.8162413239479065,1.0683300495147705
mp-6809,1.1048283576965332,1.0197577476501465
mp-29035,0.4099331200122833,0.42652544379234314
mp-3792,1.0588054656982422,1.0128891468048096
mp-12383,0.1760912537574768,0.26895102858543396
mp-8727,0.3304137587547302,0.4456280767917633
mp-11342,-0.8239087462425232,-0.6625179648399353
mp-3952,0.5705429315567017,0.5639486312866211
mp-12908,0.5132176280021667,0.42143866419792175
mp-6408,0.9822712540626526,0.9870398044586182
mp-827,0.2405492514371872,0.2589585483074188
mp-2633,1.4750897884368896,1.534820318222046
mp-21299,0.7937904000282288,0.7876702547073364
mp-401,0.5865873098373413,0.6364500522613525
mp-561434,-0.045757491141557693,-0.17234492301940918
mp-620372,-0.08618614822626114,-0.13587361574172974
mp-558603,0.2718416154384613,0.3403393626213074
mp-27424,0.27646180987358093,0.3014897108078003
mp-17186,0.3263358473777771,0.31662970781326294
mp-5193,0.6344772577285767,0.6335657238960266
mp-3626,0.9222062826156616,0.8909976482391357
mp-22756,0.3560258448123932,0.2609653174877167
mp-559112,0.652246356010437,0.5901117324829102
mp-634859,1.0923696756362915,0.9824689030647278
mp-3175,0.8567289113998413,1.0085601806640625
mp-5621,0.4771212637424469,0.369925856590271
mp-8016,0.860338032245636,0.7780183553695679
mp-3872,0.6901960968971252,0.6789512634277344
mp-5122,0.510545015335083,0.4227679371833801
mp-18483,0.2405492514371872,0.2082708179950714
mp-3788,1.236537218093872,1.2957570552825928
mp-16613,1.2755416631698608,1.1768447160720825
mp-21280,0.3463529646396637,0.48060789704322815
mp-10199,0.6618126630783081,0.5884886384010315
mp-384,0.9420080780982971,0.9174381494522095
mp-8360,-0.2218487560749054,-0.17412102222442627
mp-18365,-0.130768284201622,-0.06973540782928467
mp-3370,1.389697551727295,1.3091814517974854
mp-4819,0.9159272313117981,0.9737204313278198
mp-22895,0.8500332832336426,0.8172527551651001
mp-2833,0.6910814642906189,0.6832308769226074
mp-1397,-0.08618614822626114,-0.1246570348739624
mp-995191,1.0633333921432495,1.0083353519439697
mp-1078944,0.7664128541946411,0.6548656821250916
mp-28365,0.4857214391231537,0.41629886627197266
mp-581833,0.0969100147485733,0.0943993628025055
mp-17612,0.40140053629875183,0.3727753162384033
mp-6333,0.9190781116485596,0.8871945142745972
mp-15788,0.5910646319389343,0.6051604747772217
mp-558200,1.1950689554214478,0.6917546987533569
mp-569813,0.1492191106081009,0.09014636278152466
mp-540688,0.5854607224464417,0.7545444965362549
mp-549706,2.4945859909057617,2.434873580932617
mp-557032,0.3010300099849701,0.3205028176307678
mp-5342,0.8149131536483765,0.7941943407058716
mp-8380,0.5728716254234314,0.5229300260543823
mp-570668,0.2833012342453003,0.2898159623146057
mp-567771,1.0297894477844238,1.360253095626831
mp-19851,-0.1191864088177681,-0.1422356367111206
mp-1193219,0.44090908765792847,0.5530275106430054
mp-11023,1.097951054573059,1.0322132110595703
mp-640614,0.1613679975271225,0.1747051477432251
mp-9655,0.46389299631118774,0.5142654180526733
mp-8725,-0.06550154834985733,-0.1707134246826172
mp-1189598,0.9571282267570496,0.7014145255088806
mp-15973,0.6580113768577576,0.6931890249252319
mp-7219,0.22788670659065247,0.2194371223449707
mp-422,2.0399293899536133,2.036327600479126
mp-1455,0.6875289678573608,0.6833441853523254
mp-22323,1.5488805770874023,1.0901838541030884
mp-3536,1.3624824285507202,1.359881043434143
mp-1627,0.3304137587547302,0.3394758403301239
mp-560842,0.9943171739578247,0.9719657897949219
mp-13641,1.0546131134033203,1.1713786125183105
mp-27515,-0.21467016637325287,-0.15667563676834106
mp-7475,0.3873898386955261,0.46187373995780945
mp-4763,1.2736955881118774,1.1952943801879883
mp-9379,0.4548448622226715,0.35736656188964844
mp-3762,0.5563024878501892,0.48991724848747253
mp-540703,-0.102372907102108,-0.08260995149612427
mp-2201,0.2966651916503906,0.3704741597175598
mp-16452,0.3783979117870331,0.2918141484260559
mp-5342,0.8162413239479065,0.7941943407058716
mp-4068,0.19033169746398926,0.1677519977092743
mp-2758,0.6170003414154053,0.588754415512085
mp-4867,1.3089910745620728,1.3185138702392578
mp-9911,0.2095150202512741,0.044887661933898926
mp-15896,0.6785183548927307,0.6004257798194885
mp-4979,1.1367205381393433,1.110445499420166
mp-10913,1.796088457107544,1.6811738014221191
mp-4163,1.2198463678359985,1.047006607055664
mp-30533,0.04921802133321762,0.12106534838676453
mp-18867,0.2504200041294098,0.3165181875228882
mp-542613,0.04139268398284912,-0.19222885370254517
mp-4979,1.1373541355133057,1.110445499420166
mp-7897,0.5477747321128845,0.5443244576454163
mp-19034,0.9708116054534912,0.9031761884689331
mp-14307,0.8898617029190063,0.810856819152832
mp-558411,0.9132838845252991,0.9857601523399353
mp-9266,0.4166405200958252,0.3504132628440857
mp-28261,0.41497334837913513,0.39284148812294006
mp-9900,0.8000293374061584,0.5702944993972778
mp-505554,0.6848453879356384,0.6007784605026245
mp-1106,0.2718416154384613,0.3109138607978821
mp-226,0.7134905457496643,0.6713942885398865
mp-1539137,0.3463529646396637,0.32769903540611267
mp-9693,-0.11350927501916885,-0.10120058059692383
mp-541937,0.2944662272930145,-0.010430693626403809
mp-7444,-0.15490196645259857,-0.1458008885383606
mp-5052,1.1906118392944336,1.2168424129486084
mp-7547,0.12057393044233322,0.16536009311676025
mp-7500,0.630427896976471,0.6610990762710571
mp-561173,0.5670263767242432,0.5085176825523376
mp-29975,0.1583624929189682,0.12323346734046936
mp-1101756,2.02999210357666,1.8520793914794922
mp-19037,0.35410845279693604,0.2607617974281311
mp-2310,0.7839035987854004,0.7468644976615906
mp-28127,0.18752072751522064,0.07979419827461243
mp-605485,0.5987905263900757,0.756011426448822
mp-641539,1.7969211339950562,1.8743705749511719
mp-8352,2.488593101501465,2.174928665161133
mp-560767,0.6074550151824951,0.5704227685928345
mp-2330,0.3242824673652649,0.23006585240364075
mp-867823,-0.102372907102108,-0.02527594566345215
mp-17980,0.07188200950622559,0.017188072204589844
mp-8453,0.1731862723827362,0.23334115743637085
mp-1565,1.7605732679367065,1.7077569961547852
mp-573145,0.02938377857208252,-0.1129576563835144
mp-8276,0.6785183548927307,0.4785989224910736
mp-5045,-0.2676062285900116,-0.17325276136398315
mp-10437,0.3304137587547302,0.2903498113155365
mp-2809,-0.026872146874666214,-0.11728054285049438
mp-8374,0.2041199803352356,0.29122114181518555
mp-18502,0.675778329372406,0.7510232925415039
mp-4008,0.805500864982605,0.7984120845794678
mp-1078709,-0.10790539532899857,-0.13557034730911255
mp-5238,0.9995654821395874,1.00040864944458
mp-13134,0.7803173065185547,0.9064414501190186
mp-3930,0.8413594961166382,0.804253101348877
mp-29488,0.5490032434463501,0.5434936285018921
mp-226,0.6946051716804504,0.6713942885398865
mp-17954,0.3521825075149536,0.3962385058403015
mp-5304,0.7634279727935791,0.8331277370452881
mp-3349,0.6354837417602539,0.7107876539230347
mp-9567,0.3729119896888733,0.3187732696533203
mp-256,1.247727870941162,1.2262423038482666
mp-17743,1.0480531454086304,0.9937511682510376
mp-559238,0.17897695302963257,0.10361644625663757
mp-1001826,2.2529985904693604,2.315312623977661
mp-2242,0.23804610967636108,0.2690585255622864
mp-1101755,0.7686380743980408,0.7408583164215088
mp-1106381,0.1492191106081009,0.1570536196231842
mp-29289,0.3729119896888733,0.29136207699775696
mp-27532,-0.0969100147485733,-0.08834153413772583
mp-2065,1.1728947162628174,1.1745250225067139
mp-4549,0.8318697810173035,0.6829327344894409
mp-554868,1.2655253410339355,1.098056435585022
mp-8347,0.38201704621315,0.3382117450237274
mp-1190533,0.8756399154663086,0.9865444898605347
mp-8883,1.058426022529602,1.2263154983520508
mp-1020609,0.9740508794784546,1.0136237144470215
mp-4697,0.5682017207145691,0.5853010416030884
mp-1018040,1.0622057914733887,1.0533843040466309
mp-3834,0.6324573159217834,0.5667620897293091
mp-1103846,0.01703333854675293,-0.03939169645309448
mp-21892,0.853698194026947,0.8284122943878174
mp-562490,0.8767949938774109,0.5845733284950256
mp-1868,0.8767949938774109,0.6968458890914917
mp-1191234,0.19312459230422974,0.1271326243877411
mp-5055,0.4969296455383301,0.3794463872909546
mp-1080073,0.9074113368988037,0.8413015604019165
mp-15973,0.6589648723602295,0.6931890249252319
mp-561468,0.7481880187988281,0.8330761790275574
mp-7986,0.7259116172790527,0.760644793510437
mp-504646,0.2013971209526062,0.23934787511825562
mp-1101801,0.2787536084651947,0.22721141576766968
mp-4452,0.863917350769043,0.7464880347251892
mp-504536,0.399673730134964,0.41217041015625
mp-4747,0.83250892162323,0.9871060252189636
mp-10973,0.3424226939678192,0.40824559330940247
mp-558636,1.058426022529602,1.1710729598999023
mp-18635,0.761175811290741,0.5549830794334412
mp-9306,0.8591383099555969,0.7879505753517151
mp-15781,0.4424797594547272,0.40610212087631226
mp-867219,0.879669189453125,0.739423394203186
mp-1008786,0.6589648723602295,0.6220449209213257
mp-9780,-0.11350927501916885,-0.05653190612792969
mp-571164,-0.0969100147485733,-0.1273166537284851
mp-28859,-0.060480747371912,0.05884525179862976
mp-2065,1.1728947162628174,1.1745250225067139
mp-8188,0.8579352498054504,0.7899695038795471
mp-9003,-0.036212172359228134,-0.06922167539596558
mp-7087,2.1800971031188965,2.173682451248169
mp-15622,-0.4948500096797943,-0.4601944088935852
mp-3917,0.6170003414154053,0.7159122228622437
mp-558629,0.4502491056919098,0.49998435378074646
mp-10695,1.5795549154281616,1.2569770812988281
mp-553942,0.07554696500301361,0.25408655405044556
mp-568469,0.8188853859901428,0.8363499641418457
mp-541998,0.07188200950622559,0.02646315097808838
mp-10091,0.045322977006435394,0.09774452447891235
mp-4227,0.230448916554451,0.21318846940994263
mp-560885,0.9175055027008057,0.9898436069488525
mp-5055,0.4166405200958252,0.3794463872909546
mp-5639,1.3398487567901611,1.1413087844848633
mp-15998,0.08278536796569824,0.15350767970085144
mp-17667,0.1430148035287857,0.1623639166355133
mp-553970,-0.102372907102108,-0.18288105726242065
mp-1104062,0.1846914291381836,0.12081703543663025
mp-390,1.8345478773117065,1.6405978202819824
mp-1105933,0.357934832572937,0.29279136657714844
mp-5055,0.4216039180755615,0.3794463872909546
mp-560954,1.4192947149276733,1.1378798484802246
mp-18577,0.04139268398284912,0.10344421863555908
mp-5342,0.8149131536483765,0.7941943407058716
mp-20162,0.5276299118995667,0.6069511771202087
mp-15703,2.1777384281158447,2.2987473011016846
mp-541378,-0.1249387338757515,-0.08048802614212036
mp-18253,0.9881128668785095,1.0108680725097656
mp-8257,0.5740312933921814,0.34395337104797363
mp-2589,1.1696743965148926,1.1223866939544678
mp-12787,0.3404441177845001,0.5702871084213257
mp-504928,0.1760912537574768,0.13452568650245667
mp-7657,-0.04095860943198204,-0.04008418321609497
mp-4959,0.7817553877830505,0.7755971550941467
mp-1513,0.3873898386955261,0.3683195114135742
mp-8017,0.668385922908783,0.635259747505188
mp-12307,-0.1191864088177681,-0.19061827659606934
mp-1627,0.3404441177845001,0.3394758403301239
mp-1095694,0.7551122903823853,0.576941967010498
mp-19833,0.7032913565635681,0.4705126881599426
mp-4530,1.1723109483718872,1.0368139743804932
mp-7440,0.3242824673652649,0.4779545068740845
mp-1197611,0.1760912537574768,0.23457035422325134
mp-31086,0.648360013961792,0.5620256066322327
mp-7277,-0.07058107107877731,-0.1298203468322754
mp-1018722,-0.3979400098323822,-0.4389588236808777
mp-21892,0.853698194026947,0.8284122943878174
mp-7048,1.8557008504867554,1.8139917850494385
mp-3978,0.5465426445007324,0.6225132346153259
mp-9680,0.008600171655416489,0.001163482666015625
mp-2693,0.5998830795288086,0.6186217069625854
mp-5058,0.8819549679756165,0.8164817094802856
mp-5449,0.8756399154663086,1.1693394184112549
mp-568867,1.6193020343780518,1.6326334476470947
mp-22605,0.5250447988510132,0.5506128072738647
mp-1104843,0.5943925380706787,0.6883420348167419
mp-5020,0.5705429315567017,0.5132759809494019
mp-1194401,0.1846914291381836,0.2138480842113495
mp-1019089,0.1492191106081009,0.1728028655052185
mp-2131,0.5693739056587219,0.4829334616661072
mp-28079,0.3521825075149536,0.3765050768852234
mp-17911,0.45636603236198425,0.45599931478500366
mp-2998,0.7435097694396973,0.5667754411697388
mp-6440,1.2664668560028076,1.2336275577545166
mp-556859,-0.1674910932779312,-0.07608640193939209
mp-29977,0.04139268398284912,-0.02278578281402588
mp-9711,0.7881683707237244,1.1160526275634766
mp-8187,0.6424645185470581,0.7228634357452393
mp-560262,0.1760912537574768,-0.01601356267929077
mp-697670,0.6493348479270935,0.4097438454627991
mp-8543,0.27646180987358093,0.23586362600326538
mp-20782,0.2855572998523712,0.21265265345573425
mp-29976,0.21218760311603546,0.242488831281662
mp-22648,0.8976271152496338,0.8069777488708496
mp-11602,0.4265112578868866,0.37970027327537537
mp-14794,0.22271646559238434,0.24481478333473206
mp-558055,0.5171958804130554,0.44685453176498413
mp-11114,0.012837224639952183,0.05440926551818848
mp-13099,1.9263938665390015,1.9105401039123535
mp-8900,0.07554696500301361,0.0548592209815979
mp-555569,0.7007037401199341,0.5964196920394897
mp-15120,-0.130768284201622,-0.09185636043548584
mp-409,0.3201462924480438,0.37495410442352295
mp-17048,-0.07572071254253387,-0.0867871642112732
mp-1078160,0.48855072259902954,0.3811456859111786
mp-5924,1.3953263759613037,1.4169491529464722
mp-29341,-0.08618614822626114,-0.10016888380050659
mp-1103996,0.045322977006435394,0.04474234580993652
mp-554310,0.21748393774032593,0.06968405842781067
mp-10955,0.2944662272930145,0.14587926864624023
mp-14635,-0.08618614822626114,-0.1086084246635437
mp-558085,0.3598354756832123,0.40507709980010986
mp-1047,0.9143431782722473,0.8733445405960083
mp-27887,0.3765769600868225,0.2007957100868225
mp-17367,0.36921584606170654,0.3067362606525421
mp-28505,0.045322977006435394,0.02424710988998413
mp-1104810,0.3463529646396637,0.3705631494522095
mp-20250,0.892094612121582,0.7745311260223389
mp-9570,0.5820633769035339,0.5724735260009766
mp-1018721,1.6959192752838135,1.4073777198791504
mp-7077,-0.15490196645259857,-0.12229549884796143
mp-541715,0.2944662272930145,0.2995051145553589
mp-3017,0.22010809183120728,0.16621309518814087
mp-3595,0.9576072692871094,0.93119215965271
mp-1205354,0.3483048677444458,0.4377785325050354
mp-27749,0.045322977006435394,-0.015118122100830078
mp-1143,1.5441920757293701,1.602628231048584
mp-8683,0.06818585842847824,0.03884655237197876
mp-1105681,0.8162413239479065,1.0486150979995728
mp-5837,0.8228216171264648,0.7985569834709167
mp-8579,0.40140053629875183,0.21463003754615784
mp-1345,0.6928468942642212,0.5316562652587891
mp-19803,0.8609366416931152,0.9852252006530762
mp-621945,0.8375884294509888,0.7290604114532471
mp-17207,-0.20065945386886597,-0.10877883434295654
mp-504898,-0.036212172359228134,-0.048288822174072266
mp-22009,0.5158738493919373,0.3712308406829834
mp-556742,-0.5376020073890686,-0.658567488193512
mp-3451,0.12057393044233322,0.1411726176738739
mp-7191,0.4785664975643158,0.4791347086429596
mp-5131,0.2041199803352356,0.2808697819709778
mp-19722,0.9003671407699585,0.8576107025146484
mp-604914,0.6910814642906189,0.581253707408905
mp-4175,0.9503648281097412,0.9302998781204224
mp-2898,0.5763413310050964,0.48243439197540283
mp-9996,-0.3279021382331848,-0.2649800181388855
mp-14928,0.5809249877929688,0.5104414224624634
mp-4578,0.3502480089664459,0.2950507700443268
mp-4481,0.8082109689712524,0.848381757736206
mp-3463,1.130976676940918,0.9885777235031128
mp-1103966,0.230448916554451,0.1595250964164734
mp-29376,0.2479732632637024,0.2755613923072815
mp-30222,-0.06550154834985733,-0.07698696851730347
mp-28383,0.2576785683631897,0.23785871267318726
mp-5414,0.2095150202512741,0.16412732005119324
mp-17785,0.5224442481994629,0.439495325088501
mp-636813,0.06445799022912979,0.0558074414730072
mp-571016,-0.055517327040433884,-0.047738075256347656
mp-2131,0.5158738493919373,0.4829334616661072
mp-6678,-0.130768284201622,-0.028909146785736084
mp-1190981,0.3404441177845001,0.29967808723449707
mp-4190,1.4807254076004028,1.3218412399291992
mp-11607,2.123328924179077,1.9627680778503418
mp-1079945,0.3765769600868225,0.3548993170261383
mp-21452,0.21484385430812836,0.12089049816131592
mp-4907,0.2095150202512741,0.15301081538200378
mp-21409,-0.6020600199699402,-0.20419669151306152
mp-557691,0.7543483376502991,0.9891096949577332
mp-15642,0.3138672113418579,0.28266990184783936
mp-541106,-0.3979400098323822,-0.40862810611724854
mp-620346,0.07554696500301361,0.14444470405578613
mp-4899,0.460897833108902,0.4021914601325989
mp-30239,0.29225605726242065,0.3254881501197815
mp-1078069,0.5563024878501892,0.6977211236953735
mp-7436,-0.004364805296063423,-0.06021380424499512
mp-16870,0.1172712966799736,0.17592352628707886
mp-1006880,1.2129862308502197,1.2747622728347778
mp-267,0.9132838845252991,0.8769142627716064
mp-2853,1.5509617328643799,1.4625027179718018
mp-608014,0.1583624929189682,0.21535980701446533
mp-7771,0.38201704621315,0.3049696087837219
mp-9107,0.36735591292381287,0.3719712197780609
mp-6960,-0.03151705116033554,-0.1010330319404602
mp-1243,1.2180100679397583,1.0529652833938599
mp-2030,1.092018485069275,1.0407118797302246
mp-661,2.1846063137054443,2.2809834480285645
mp-9881,-0.2441251426935196,-0.16690677404403687
mp-2030,1.092018485069275,1.0407118797302246
mp-1189879,0.6839471459388733,0.6207919716835022
mp-13109,1.089198350906372,1.2369104623794556
mp-8117,0.012837224639952183,-0.06516343355178833
mp-3038,0.6464037299156189,0.5706044435501099
mp-6408,0.9822712540626526,0.9870398044586182
mp-20499,0.8438554406166077,0.7595168948173523
mp-554921,0.0791812464594841,-0.01978069543838501
mp-560386,0.318063348531723,0.3294520974159241
mp-972808,0.38916608691215515,0.5553988814353943
mp-3451,0.22788670659065247,0.1411726176738739
mp-17825,0.606381356716156,0.6701221466064453
mp-29373,0.012837224639952183,0.04727703332901001
mp-3762,0.5490032434463501,0.48991724848747253
mp-7844,0.6364879012107849,0.7360712289810181
mp-11108,0.506505012512207,0.43726325035095215
mp-18079,0.307496041059494,0.2766116261482239
mp-10224,0.7218106389045715,0.6874586343765259
mp-28595,0.12385164201259613,0.10152828693389893
mp-5546,0.26481783390045166,0.2782587707042694
mp-4756,0.7118072509765625,0.6488237380981445
mp-1747,0.08635982871055603,0.06081265211105347
mp-559144,0.004321373999118805,0.0070154666900634766
mp-545359,0.5453070998191833,0.42581871151924133
mp-27554,0.15228834748268127,0.22041860222816467
mp-20474,0.7419390678405762,0.8869162797927856
mp-2384,1.0297894477844238,1.0055087804794312
mp-2156,-0.5376020073890686,-0.6334968209266663
mp-571195,0.9790928959846497,0.8372722268104553
mp-6124,1.140822172164917,1.0518136024475098
mp-555740,0.8715729117393494,0.6327188611030579
mp-4194,0.9469432830810547,0.941874623298645
mp-16031,0.9777235984802246,0.9746747016906738
mp-7904,1.0648322105407715,0.9473444223403931
mp-5342,0.812244713306427,0.7941943407058716
mp-23408,-0.060480747371912,-0.016451120376586914
mp-149,2.119321823120117,2.257819652557373
mp-963,2.7917118072509766,2.8615806102752686
mp-556167,0.6053050756454468,0.8376377820968628
mp-1188929,0.6404814124107361,0.5390886664390564
mp-15687,0.05690485239028931,-0.0025500059127807617
mp-14588,0.0791812464594841,0.12571069598197937
mp-864638,0.22788670659065247,0.11549562215805054
mp-1191443,0.4471580386161804,0.4690912365913391
mp-4930,1.4980347156524658,1.4602428674697876
mp-7220,0.521138072013855,0.5460507869720459
mp-4405,-0.1191864088177681,-0.12689632177352905
mp-18344,-0.1938200294971466,-0.14979052543640137
mp-9063,-0.10790539532899857,-0.09244352579116821
mp-22736,0.8830933570861816,0.7901146411895752
mp-19932,0.045322977006435394,-0.16011279821395874
mp-9361,0.39269694685935974,0.36143243312835693
mp-1104677,0.44560420513153076,0.5039067268371582
mp-8279,0.4771212637424469,0.3741357922554016
mp-15724,-0.022276394069194794,0.004603445529937744
mp-10802,-0.07572071254253387,-0.07976096868515015
mp-558570,0.587710976600647,0.6050313711166382
mp-29829,0.2855572998523712,0.18149268627166748
mp-4391,1.4336098432540894,1.4794590473175049
mp-649479,0.16435284912586212,0.11351612210273743
mp-1513,0.3802112340927124,0.3683195114135742
mp-699208,0.587710976600647,0.49492159485816956
mp-7607,1.4372748136520386,1.4427562952041626
mp-5213,0.8469552993774414,0.8355619311332703
mp-546794,0.7007037401199341,0.5537927746772766
mp-1095440,0.5538830161094666,0.5149027705192566
mp-12910,0.07188200950622559,0.09273239970207214
mp-4026,0.7101173400878906,0.6764688491821289
mp-27195,-0.04095860943198204,-0.015246689319610596
mp-8716,0.0791812464594841,0.044534921646118164
mp-554722,0.9628427028656006,0.9342248439788818
mp-5860,0.2013971209526062,0.19297507405281067
mp-17394,0.6503075361251831,0.6527941823005676
mp-19845,0.6020600199699402,0.5457810759544373
mp-3397,0.3979400098323822,0.46083325147628784
mp-17791,0.2944662272930145,0.33451420068740845
mp-1598,0.5185139179229736,0.4523108899593353
mp-1188106,0.4785664975643158,0.5942556858062744
mp-5238,0.9982593655586243,1.00040864944458
mp-2998,0.7435097694396973,0.5667754411697388
mp-546794,0.7558748722076416,0.5537927746772766
mp-10167,0.4232458770275116,0.21153149008750916
mp-1025315,0.587710976600647,0.5302397608757019
mp-5342,0.8149131536483765,0.7941943407058716
mp-2956,0.8014037013053894,0.7261622548103333
mp-7773,0.06069783866405487,0.058485567569732666
mp-754329,1.255995750427246,1.1767797470092773
mp-4979,1.1367205381393433,1.110445499420166
mp-1087540,0.5976951718330383,0.46888360381126404
mp-559227,-0.07572071254253387,-0.13661396503448486
mp-7000,0.648360013961792,0.5775797367095947
mp-15751,0.5809249877929688,0.6253409385681152
mp-19159,0.5263392925262451,0.4760936498641968
mp-558426,-0.07572071254253387,-0.10286307334899902
mp-30543,0.08278536796569824,0.13084739446640015
mp-5837,0.918030321598053,0.7985569834709167
mp-16904,0.02118929848074913,0.07594293355941772
mp-21019,0.8241258263587952,0.8161777257919312
mp-4030,-0.14874164760112762,-0.07557064294815063
mp-1079848,0.5670263767242432,0.44248107075691223
mp-21019,0.7626785635948181,0.8161777257919312
mp-1078498,0.6354837417602539,0.6224273443222046
mp-18407,0.5693739056587219,0.564177930355072
mp-2114,1.4916417598724365,1.445946455001831
mp-563025,0.6646419763565063,0.5832167863845825
mp-582767,0.4471580386161804,0.3458651900291443
mp-22053,0.9818186163902283,0.8418540954589844
mp-605485,0.5965970754623413,0.756011426448822
mp-617632,0.357934832572937,0.32143664360046387
mp-6930,0.863917350769043,0.568960428237915
mp-14091,0.7101173400878906,0.6286607384681702
mp-6094,1.160468578338623,0.8381339907646179
mp-504650,0.4329693019390106,0.3522213101387024
mp-3592,-0.102372907102108,-0.07858967781066895
mp-4338,0.7626785635948181,0.7612564563751221
mp-21705,0.06069783866405487,0.04737651348114014
mp-13872,0.5526682138442993,0.3137351870536804
mp-5827,0.8842287659645081,0.7626147866249084
mp-1106227,0.3443922698497772,0.3524506986141205
mp-505721,0.05307844281196594,0.05287674069404602
mp-252,1.3109055757522583,1.3127639293670654
mp-7940,0.31175386905670166,0.2861601710319519
mp-19833,0.7041504979133606,0.4705126881599426
mp-28926,0.506505012512207,0.48215097188949585
mp-17872,0.13987909257411957,0.10093149542808533
mp-559860,1.2823954820632935,1.0240600109100342
mp-15704,1.9560723304748535,1.9658076763153076
mp-10044,1.9627480506896973,2.0861196517944336
mp-7275,0.33243846893310547,0.32619282603263855
mp-11115,-0.026872146874666214,-0.014511168003082275
mp-2833,0.6910814642906189,0.6832308769226074
mp-545488,1.0285712480545044,0.8981091976165771
mp-17173,0.8273692727088928,0.8998571634292603
mp-505448,0.07188200950622559,0.07214361429214478
mp-4820,1.6921416521072388,1.8732178211212158
mp-13744,0.274157851934433,0.19227567315101624
mp-4953,0.7032913565635681,0.666325569152832
mp-2979,1.493736743927002,1.4806342124938965
mp-11658,0.5538830161094666,0.4794487953186035
mp-636461,0.5622928738594055,0.6145311594009399
mp-27907,0.16435284912586212,0.04107558727264404
mp-18288,0.6324573159217834,0.6085979342460632
mp-550172,1.5459253787994385,1.3923752307891846
mp-7258,0.3424226939678192,0.37046360969543457
mp-18217,0.06818585842847824,0.0759480893611908
mp-5481,0.4232458770275116,0.3600720763206482
mp-630328,0.21484385430812836,0.20363053679466248
mp-22512,0.7902851700782776,0.7107081413269043
mp-1190030,0.2988530695438385,0.2897394597530365
mp-568638,0.36921584606170654,0.2619398236274719
mp-14433,1.2835273742675781,1.1731371879577637
mp-4182,1.4012281894683838,1.3860543966293335
mp-4338,0.7626785635948181,0.7612564563751221
mp-21183,-0.036212172359228134,-0.11380958557128906
mp-2099,0.6627578139305115,0.6284790635108948
mp-3159,0.7788744568824768,0.6691364049911499
mp-5391,1.0496056079864502,1.0810810327529907
mp-1190900,0.8830933570861816,0.7003465294837952
mp-5827,0.9344984292984009,0.7626147866249084
mp-28978,0.19033169746398926,0.21589741110801697
mp-5614,0.44560420513153076,0.49781516194343567
mp-14951,0.2718416154384613,0.24234813451766968
mp-226,0.6928468942642212,0.6713942885398865
mp-2030,1.092018485069275,1.0407118797302246
mp-5782,0.9289076924324036,0.875941276550293
mp-7863,0.012837224639952183,-0.03711700439453125
mp-569857,0.14612802863121033,0.1610671877861023
mp-861938,0.08635982871055603,0.10524162650108337
mp-542654,0.1613679975271225,0.13829368352890015
mp-8016,0.8579352498054504,0.7780183553695679
mp-14634,-0.022276394069194794,-0.058355867862701416
mp-2574,1.939019799232483,1.8909258842468262
mp-19896,0.399673730134964,0.3703455924987793
mp-3497,1.005609393119812,0.8989113569259644
mp-558362,0.7528164386749268,0.8159011602401733
mp-1104930,0.7315887808799744,0.6342841386795044
mp-11012,0.2944662272930145,0.2717374265193939
mp-18079,0.307496041059494,0.2766116261482239
mp-3529,0.15228834748268127,0.1172836422920227
mp-560370,0.0969100147485733,0.06837627291679382
mp-18851,0.805500864982605,0.8914341926574707
mp-6406,0.9885589480400085,0.9979557991027832
mp-2507,-0.5376020073890686,-0.6630957722663879
mp-2534,1.3432115316390991,1.22768235206604
mp-12178,0.3560258448123932,0.39773231744766235
mp-20289,0.5145477652549744,0.473012775182724
mp-7435,0.10380372405052185,0.07050314545631409
mp-559373,1.1423894166946411,0.8623117804527283
mp-753,0.4082399606704712,0.37810638546943665
mp-8017,0.668385922908783,0.635259747505188
mp-441,-0.06550154834985733,-0.08437883853912354
mp-5794,1.077367901802063,1.056087613105774
mp-505187,0.11394335329532623,0.19298198819160461
mp-4086,1.3016809225082397,1.256676435470581
mp-10159,-0.08618614822626114,-0.01345902681350708
mp-13949,0.453318327665329,0.44087570905685425
mp-4194,0.9523079991340637,0.941874623298645
mp-5621,0.4742162525653839,0.369925856590271
mp-510240,0.06445799022912979,-0.06828826665878296
mp-20554,0.5502283573150635,0.4372369647026062
mp-17464,0.7143297791481018,0.697561502456665
mp-2874,1.5021538734436035,1.5468730926513672
mp-2589,1.1486026048660278,1.1223866939544678
mp-14411,0.399673730134964,0.37400102615356445
mp-540771,0.5118833780288696,0.6267634630203247
mp-29920,-0.08618614822626114,-0.15165287256240845
mp-1191223,-0.045757491141557693,-0.08798110485076904
mp-9273,-0.1674910932779312,-0.14126217365264893
mp-2293,1.308350920677185,1.2459232807159424
mp-1009813,1.4181355237960815,1.4340126514434814
mp-1189305,0.3344537615776062,0.22739538550376892
mp-4899,0.510545015335083,0.4021914601325989
mp-5151,0.36921584606170654,0.39373648166656494
mp-28035,0.1492191106081009,0.3145280182361603
mp-28591,0.1583624929189682,0.1998572051525116
mp-6227,1.1055102348327637,0.8949263095855713
mp-546007,0.9556877613067627,0.8174687623977661
mp-7895,0.12385164201259613,0.17502033710479736
mp-3043,0.42975229024887085,0.3134003281593323
mp-1253,0.5010592341423035,0.42771297693252563
mp-20485,-0.6197887659072876,-0.44747042655944824
mp-458,1.380573034286499,1.4438142776489258
mp-19885,-0.508638322353363,-0.2133859395980835
mp-1079772,0.49831056594848633,0.40577441453933716
mp-2400,0.3010300099849701,0.3564838171005249
mp-22811,0.6720978617668152,0.62758469581604
mp-21299,0.7923917174339294,0.7876702547073364
mp-2604,0.29225605726242065,0.21104779839515686
mp-4524,1.0722498893737793,1.0971418619155884
mp-11719,0.1613679975271225,0.13829022645950317
mp-556163,1.499137043952942,1.107537865638733
mp-6606,0.7543483376502991,0.8815599083900452
mp-29354,0.1583624929189682,0.19577071070671082
mp-28230,-0.2218487560749054,-0.14042192697525024
mp-6498,0.9863237738609314,0.8672888278961182
mp-3762,0.5599066019058228,0.48991724848747253
mp-4338,0.7626785635948181,0.7612564563751221
mp-8818,1.064083456993103,1.016068458557129
mp-10963,0.3010300099849701,0.32782691717147827
mp-7826,0.04921802133321762,-0.046591758728027344
mp-28967,0.26245108246803284,0.33037281036376953
mp-886,1.3130230903625488,1.2293672561645508
mp-4907,0.21218760311603546,0.15301081538200378
mp-4338,0.7626785635948181,0.7612564563751221
mp-3813,0.80955970287323,0.683061420917511
mp-22638,0.4857214391231537,0.5133584141731262
mp-5238,0.9995654821395874,1.00040864944458
mp-9248,0.8970770239830017,0.802111804485321
mp-5238,0.9982593655586243,1.00040864944458
mp-9383,1.0265332460403442,1.0170633792877197
mp-16364,0.8082109689712524,0.8193938732147217
mp-9755,1.3479151725769043,1.3209871053695679
mp-7534,0.5415792465209961,0.3547295928001404
mp-568543,-0.045757491141557693,0.02595841884613037
mp-5962,0.6599162220954895,0.578382134437561
mp-2920,0.7788744568824768,0.8234838247299194
mp-358,-0.2924298346042633,-0.3458229899406433
mp-541430,0.1492191106081009,0.1925775408744812
mp-3094,0.8363240957260132,0.9077321290969849
mp-21459,0.5037906765937805,0.4883858263492584
mp-3978,0.49554434418678284,0.6225132346153259
mp-5238,0.9982593655586243,1.00040864944458
mp-9480,0.49415460228919983,0.408841609954834
mp-4194,0.9247959852218628,0.941874623298645
mp-9920,-0.3010300099849701,-0.3804700970649719
mp-13099,1.9307453632354736,1.9105401039123535
mp-20042,0.24551266431808472,0.20221060514450073
mp-27888,1.7790189981460571,1.6940999031066895
mp-557401,0.4771212637424469,0.40229761600494385
mp-561551,1.2116544246673584,1.2251191139221191
mp-12981,1.5032458305358887,1.464106798171997
mp-18458,0.2718416154384613,0.33222371339797974
mp-5193,0.6424645185470581,0.6335657238960266
mp-18612,-0.03151705116033554,-0.04843217134475708
mp-561586,0.36172783374786377,0.3156139850616455
mp-22736,0.8836614489555359,0.7901146411895752
mp-1070498,-0.14874164760112762,-0.12857574224472046
mp-29131,0.6901960968971252,0.6489915251731873
mp-10952,0.8202014565467834,0.8071432113647461
mp-1009746,1.8505849838256836,1.9453392028808594
mp-15999,0.3502480089664459,0.4348295331001282
mp-558110,-0.5850266814231873,-0.630088746547699
mp-28768,0.06069783866405487,0.04342168569564819
mp-9413,0.8959747552871704,0.8350786566734314
mp-5546,0.22271646559238434,0.2782587707042694
mp-21459,0.5037906765937805,0.4883858263492584
mp-553432,1.1961761713027954,1.1185306310653687
mp-8882,1.3843533992767334,1.3430359363555908
mp-541997,0.02118929848074913,0.01635587215423584
mp-2065,1.1740597486495972,1.1745250225067139
mp-9338,0.5646660923957825,0.46053802967071533
mp-28853,0.5514500141143799,0.5195316672325134
mp-18642,0.5301997065544128,0.5320132374763489
mp-4194,0.9415114521980286,0.941874623298645
mp-3650,0.12057393044233322,0.11091825366020203
mp-1188662,0.1430148035287857,0.1472519338130951
mp-4338,0.7626785635948181,0.7612564563751221
mp-1078049,1.0986437797546387,1.0717486143112183
mp-7129,0.1846914291381836,0.10739925503730774
mp-6685,0.9132838845252991,0.7726220488548279
mp-22745,0.28780174255371094,0.24676984548568726
mp-4255,0.4698220193386078,0.3771343231201172
mp-1190545,0.5987905263900757,0.5035759210586548
mp-1186,-0.6020600199699402,-0.5878011584281921
mp-630773,-0.2596372961997986,0.003282606601715088
mp-22587,0.39093509316444397,0.2369006872177124
mp-30949,0.5289167165756226,0.5087082982063293
mp-18439,0.06445799022912979,0.03132587671279907
mp-1133,0.40483370423316956,0.6311454176902771
mp-3529,0.1846914291381836,0.1172836422920227
mp-1039,0.8312296867370605,0.9372361898422241
mp-22356,0.5185139179229736,0.34949445724487305
mp-1821,-1.096909999847412,-1.4997785091400146
mp-226,0.7134905457496643,0.6713942885398865
mp-5048,0.3729119896888733,0.3513635993003845
mp-2885,0.8027737140655518,0.9744434952735901
mp-1103685,-0.045757491141557693,-0.13452905416488647
mp-1002164,2.122346878051758,2.1197328567504883
mp-1103510,0.5118833780288696,0.5188868641853333
mp-16319,-0.102372907102108,-0.0758049488067627
mp-1265,1.6139475107192993,1.2197755575180054
mp-3051,0.9294189214706421,0.9273258447647095
mp-616481,-0.3565473258495331,-0.23083317279815674
mp-1103996,0.045322977006435394,0.04474234580993652
mp-17747,0.5185139179229736,0.515722393989563
mp-11661,1.5801262855529785,1.5249717235565186
mp-18244,0.29225605726242065,0.2164313793182373
mp-28712,0.22010809183120728,0.28519338369369507
mp-1950,0.5132176280021667,0.40124690532684326
mp-1191615,0.3443922698497772,0.4635736048221588
mp-8130,1.009450912475586,0.9921194314956665
mp-30041,0.3765769600868225,0.18598461151123047
mp-21893,0.26245108246803284,0.27480748295783997
mp-1105,0.506505012512207,0.5282663702964783
mp-8278,0.6998377442359924,0.6605057716369629
mp-13031,1.3773062229156494,1.056675672531128
mp-6548,0.5820633769035339,0.7117041349411011
mp-15222,-0.08618614822626114,-0.11204761266708374
mp-13108,0.9169800281524658,0.8821759223937988
mp-1103852,2.9967129230499268,3.2279834747314453
mp-5168,0.9084849953651428,1.008542776107788
mp-20042,0.16731733083724976,0.20221060514450073
mp-991676,0.17897695302963257,0.1490713655948639
mp-10760,0.9068735241889954,0.636137068271637
mp-15214,0.05307844281196594,0.014689445495605469
mp-559550,-0.1938200294971466,0.533656895160675
mp-1188220,0.5514500141143799,0.7543295621871948
mp-555818,0.3304137587547302,0.36024755239486694
mp-29484,-0.036212172359228134,-0.03034508228302002
mp-557142,1.0553783178329468,0.9850670099258423
mp-4979,1.1367205381393433,1.110445499420166
mp-2065,1.1740597486495972,1.1745250225067139
mp-1078053,0.8109042644500732,0.7005970478057861
mp-10165,-0.04095860943198204,-0.006858766078948975
mp-4009,0.21484385430812836,0.25522249937057495
mp-28922,1.5720579624176025,1.3763912916183472
mp-1069771,0.03342375531792641,-0.09885519742965698
mp-6948,1.0464951992034912,0.8578280210494995
mp-560588,1.2839792966842651,1.26218581199646
mp-540788,0.025305865332484245,0.1890372931957245
mp-4551,0.5943925380706787,0.8083093166351318
mp-559313,1.428134799003601,1.4821414947509766
mp-18685,0.42488163709640503,0.45629626512527466
mp-2784,0.2405492514371872,0.16364601254463196
mp-3762,0.5599066019058228,0.48991724848747253
mp-554663,1.0354297161102295,0.9384734034538269
mp-707135,-0.15490196645259857,0.7618996500968933
mp-562726,-0.1426675021648407,-0.0820688009262085
mp-550908,1.276002049446106,1.1696693897247314
mp-8829,0.2013971209526062,0.12243598699569702
mp-2885,1.1156104803085327,0.9744434952735901
mp-582767,0.40483370423316956,0.3458651900291443
mp-1020623,1.7288405895233154,1.678257942199707
mp-17914,1.1199153661727905,1.0585122108459473
mp-1876,0.7355989217758179,0.6934521794319153
mp-1002124,1.8238002061843872,1.8381118774414062
mp-568172,0.732393741607666,0.6764436960220337
mp-741,0.9503648281097412,1.0104427337646484
mp-16566,0.5965970754623413,0.5752512216567993
mp-861606,-0.017728766426444054,0.01288837194442749
mp-523,0.5145477652549744,0.4466747045516968
mp-29829,0.2855572998523712,0.18149268627166748
mp-4180,0.8836614489555359,0.8762078881263733
mp-2517,0.5658478140830994,0.5314427614212036
mp-4056,0.8457180261611938,0.9577476978302002
mp-3930,0.8432327508926392,0.804253101348877
mp-614572,0.3729119896888733,0.3698883652687073
mp-1104194,0.15228834748268127,0.34194856882095337
mp-11191,0.8129133582115173,0.7810485363006592
mp-1069706,0.06069783866405487,-0.012817859649658203
mp-22914,1.1264561414718628,1.0517206192016602
mp-16763,0.17897695302963257,0.17993521690368652
mp-8884,0.812244713306427,0.8296587467193604
mp-556667,1.3346548080444336,1.0674610137939453
mp-8484,0.9982593655586243,0.8818143010139465
mp-2133,1.573683738708496,1.381272554397583
mp-3707,1.2929203510284424,1.1007230281829834
mp-4255,0.4698220193386078,0.3771343231201172
mp-971,0.5263392925262451,0.5207657217979431
mp-9948,0.1303337663412094,0.20743641257286072
mp-27624,0.6580113768577576,0.7811974287033081
mp-620652,0.36735591292381287,0.3579549789428711
mp-568968,-0.07572071254253387,-0.10463690757751465
mp-1136,0.626340389251709,0.5707080364227295
mp-21410,0.8068580031394958,0.8413949608802795
mp-18246,-0.013228265568614006,-0.007254362106323242
mp-10161,-0.07058107107877731,-0.03625994920730591
mp-562480,0.2095150202512741,0.1325434446334839
mp-1020721,0.6608654856681824,1.000805377960205
mp-8430,0.2671717405319214,0.3086252808570862
mp-9687,-0.022276394069194794,-0.06199079751968384
mp-29397,0.521138072013855,0.5483901500701904
mp-12441,0.9698816537857056,0.8891851902008057
mp-861618,-0.008773923851549625,0.048677265644073486
mp-10477,0.045322977006435394,-0.06859564781188965
mp-6181,-0.4685210883617401,0.22905853390693665
mp-571383,0.4814426302909851,0.5384508371353149
mp-8623,-0.0969100147485733,-0.12135165929794312
mp-6793,0.521138072013855,0.5515782833099365
mp-1188392,0.44870632886886597,0.29501357674598694
mp-5693,0.7218106389045715,0.6627914309501648
mp-1104166,0.5465426445007324,0.5435620546340942
mp-22913,0.9532763361930847,0.8874772191047668
mp-21137,0.6830470561981201,0.7053945064544678
mp-983565,1.0937718152999878,1.1790416240692139
mp-555853,0.22010809183120728,0.18163931369781494
mp-628185,-0.05060999467968941,-0.09397590160369873
mp-4175,0.9489017724990845,0.9302998781204224
mp-22633,0.19589965045452118,0.157914936542511
mp-277,1.0253058671951294,1.0202752351760864
mp-5342,0.812244713306427,0.7941943407058716
mp-27752,0.26007139682769775,0.2140265703201294
mp-1340,0.49276039004325867,0.30599936842918396
mp-30249,0.4082399606704712,0.5050925016403198
mp-18148,0.06818585842847824,0.026885628700256348
mp-7090,0.22788670659065247,0.24519315361976624
mp-4194,0.9745116829872131,0.941874623298645
mp-8960,0.3873898386955261,0.3803541958332062
mp-559208,0.6031443476676941,0.6979525089263916
mp-558760,0.3560258448123932,0.3753376007080078
mp-555370,0.5502283573150635,0.4874784052371979
mp-799,0.5118833780288696,0.6365628838539124
mp-5280,1.3334472179412842,1.1631150245666504
mp-19833,0.7058637142181396,0.4705126881599426
mp-7650,0.6074550151824951,0.4867899417877197
mp-3707,0.9527924656867981,1.1007230281829834
mp-3787,-0.045757491141557693,0.057599037885665894
mp-17625,0.2966651916503906,0.2886333167552948
mp-553874,0.28780174255371094,0.24057775735855103
mp-557962,0.3096301555633545,0.34125909209251404
mp-616476,0.8221680521965027,0.7250440120697021
mp-17597,0.5954962372779846,0.5957188010215759
mp-1077107,0.03342375531792641,-0.06633931398391724
mp-1192189,0.8668777942657471,1.1733100414276123
mp-5893,0.9795483946800232,0.9340181946754456
mp-558573,1.072617530822754,0.9144388437271118
mp-3163,0.5198280215263367,0.6132882833480835
mp-18585,-0.18045605719089508,-0.1177213191986084
mp-557105,0.3096301555633545,0.32201313972473145
mp-29624,-0.2518119812011719,0.4068049192428589
mp-8389,0.4082399606704712,0.3837864398956299
mp-638033,0.9370161294937134,0.9500585794448853
mp-7430,0.2944662272930145,0.18931156396865845
mp-29209,0.1818435937166214,0.11576530337333679
mp-471,0.8202014565467834,0.7786838412284851
mp-1683,-0.3979400098323822,-0.48092418909072876
mp-2352,0.8382192254066467,0.8275738954544067
mp-15572,0.318063348531723,0.28734034299850464
mp-3762,0.5538830161094666,0.48991724848747253
mp-558536,-0.045757491141557693,-0.047249555587768555
mp-1095275,-0.45593196153640747,-0.36380887031555176
mp-5058,0.7986506223678589,0.8164817094802856
mp-8347,0.357934832572937,0.3382117450237274
mp-7956,0.07188200950622559,0.13033738732337952
mp-1104129,0.1731862723827362,0.15448489785194397
mp-9993,0.8469552993774414,0.7831847071647644
mp-556978,0.3654879927635193,0.4376145005226135
mp-1095493,0.44870632886886597,0.36977511644363403
mp-17063,0.05690485239028931,0.1270243227481842
mp-6564,0.5786392092704773,0.6442112326622009
mp-9984,-0.07058107107877731,-0.048030197620391846
mp-226,0.6954816579818726,0.6713942885398865
mp-5014,0.09342168271541595,0.15089818835258484
mp-10952,0.8202014565467834,0.8071432113647461
mp-14795,0.10720997303724289,0.13521859049797058
mp-3647,0.7965743541717529,0.7801903486251831
mp-1018804,0.8597385883331299,0.7825947999954224
mp-6376,0.12057393044233322,0.21242910623550415
mp-5238,0.9982593655586243,1.00040864944458
mp-640553,0.675778329372406,0.6423958539962769
mp-1513,0.38201704621315,0.3683195114135742
mp-5970,0.32221928238868713,0.373604416847229
mp-1105620,0.7067177891731262,0.5987889170646667
mp-644883,0.14612802863121033,0.10598185658454895
mp-556870,1.2337573766708374,1.1238582134246826
mp-3497,1.008174180984497,0.8989113569259644
mp-1078696,-0.026872146874666214,0.27359065413475037
mp-634,-0.3467874825000763,-0.4759536385536194
mp-31273,0.3783979117870331,0.3068143129348755
mp-4052,0.045322977006435394,0.027181029319763184
mp-17730,0.6117233037948608,0.6690821051597595
mp-572822,1.388278841972351,1.4231629371643066
mp-18115,-0.036212172359228134,-0.16380292177200317
mp-624190,-0.102372907102108,-0.10100734233856201
mp-867884,0.13353890180587769,0.018601655960083008
mp-505172,0.12057393044233322,0.10721120238304138
mp-556100,0.3283796012401581,0.27654796838760376
mp-978857,0.8808135986328125,0.7453382015228271
mp-3839,0.5888317227363586,0.556644082069397
mp-4227,0.230448916554451,0.21318846940994263
mp-6465,1.0542298555374146,1.1010180711746216
mp-1102743,0.7419390678405762,0.7225784063339233
mp-10166,0.1613679975271225,0.17673549056053162
mp-28701,-0.2924298346042633,-0.2632984519004822
mp-7502,0.12385164201259613,0.12910062074661255
mp-20079,0.6599162220954895,0.647953450679779
mp-17698,-0.036212172359228134,0.05758151412010193
mp-10281,1.020361304283142,1.2575302124023438
mp-12957,-0.055517327040433884,-0.14481043815612793
mp-866298,0.5682017207145691,0.5142722725868225
mp-7945,0.680335521697998,0.6631598472595215
mp-3827,0.08635982871055603,0.0551142692565918
mp-15011,0.2405492514371872,0.198032945394516
mp-402,0.8215135335922241,0.9740841388702393
mp-17392,0.7363964915275574,0.7047576904296875
mp-556085,0.01703333854675293,0.03776758909225464
mp-619279,0.4771212637424469,0.3764289915561676
mp-19833,0.7041504979133606,0.4705126881599426
mp-4255,0.4899584650993347,0.3771343231201172
mp-1106381,0.1492191106081009,0.15705350041389465
mp-541963,0.02118929848074913,-0.06266337633132935
mp-31286,-0.11350927501916885,-0.03330338001251221
mp-3595,0.963315486907959,0.93119215965271
mp-4756,0.7118072509765625,0.6488237977027893
mp-12779,0.6637009382247925,0.6387143135070801
mp-542749,-0.0969100147485733,-0.09668159484863281
mp-557134,0.577491819858551,0.6561084389686584
mp-22811,0.6748611330986023,0.6275845766067505
mp-1439,1.6551384925842285,1.5866363048553467
mp-17980,0.04139268398284912,0.017187952995300293
mp-14782,0.10037054866552353,-0.02938973903656006
mp-2095,-0.2291479855775833,-0.14928680658340454
mp-29301,0.16435284912586212,0.21209391951560974
mp-1627,0.3304137587547302,0.3394757807254791
mp-541687,0.004321373999118805,0.057738035917282104
mp-708,0.9390197992324829,0.8912637233734131
mp-9062,0.045322977006435394,0.020135819911956787
