mp-2784,0.2405492514371872,0.1400507390499115
mp-10695,1.5795549154281616,1.3291990756988525
mp-28383,0.2576785683631897,0.27426835894584656
mp-13744,0.274157851934433,0.16077935695648193
mp-7446,-0.036212172359228134,0.018086373805999756
mp-27749,0.045322977006435394,0.006281793117523193
mp-1513,0.3802112340927124,0.33547890186309814
mp-4227,0.230448916554451,0.21496418118476868
mp-8017,0.668385922908783,0.6727305054664612
mp-5391,1.0496056079864502,0.9859180450439453
mp-1243,1.2180100679397583,1.0344175100326538
mp-799,0.5118833780288696,0.6284509301185608
mp-16613,1.2755416631698608,1.2367875576019287
mp-18079,0.307496041059494,0.3042927384376526
mp-1191234,0.19312459230422974,0.19354981184005737
mp-1714,0.7250944972038269,0.6494526267051697
mp-1189879,0.6839471459388733,0.6615843772888184
mp-9361,0.39269694685935974,0.39310336112976074
mp-553874,0.28780174255371094,0.2931933104991913
mp-556163,1.499137043952942,1.2185474634170532
mp-571164,-0.0969100147485733,-0.13112658262252808
mp-1455,0.6875289678573608,0.7344374060630798
mp-3159,0.7788744568824768,0.700715959072113
mp-5970,0.32221928238868713,0.3707154393196106
mp-9993,0.8469552993774414,0.799915075302124
mp-17186,0.3263358473777771,0.368940532207489
mp-1095275,-0.45593196153640747,-0.502030074596405
mp-12181,0.08990511298179626,0.2017824351787567
mp-10913,1.796088457107544,1.7382457256317139
mp-9900,0.8000293374061584,0.6308427453041077
mp-559112,0.652246356010437,0.7578274011611938
mp-2293,1.308350920677185,1.3680444955825806
mp-4979,1.1367205381393433,1.116445779800415
mp-5122,0.510545015335083,0.4380510449409485
mp-17980,0.07188200950622559,0.09433254599571228
mp-14433,1.2835273742675781,1.2170209884643555
mp-18217,0.06818585842847824,0.011212825775146484
mp-867823,-0.102372907102108,-0.07664984464645386
mp-2857,1.8071966171264648,1.7886593341827393
mp-571195,0.9790928959846497,0.8499528765678406
mp-1950,0.5132176280021667,0.4816649854183197
mp-3497,1.008174180984497,0.9734412431716919
mp-1104166,0.5465426445007324,0.5673781633377075
mp-4255,0.4698220193386078,0.4091814160346985
mp-28595,0.12385164201259613,0.13452363014221191
mp-7048,1.8557008504867554,1.7054738998413086
mp-4530,1.1723109483718872,1.1327450275421143
mp-9920,-0.3010300099849701,-0.30919861793518066
mp-5055,0.4216039180755615,0.3643947243690491
mp-22914,1.1264561414718628,1.1472995281219482
mp-1190030,0.2988530695438385,0.3108157813549042
mp-16764,0.08278536796569824,0.08456295728683472
mp-6685,0.9132838845252991,0.841397762298584
mp-3397,0.3979400098323822,0.5118997693061829
mp-18244,0.29225605726242065,0.21217676997184753
mp-5342,0.812244713306427,0.812899112701416
mp-1190545,0.5987905263900757,0.5488576889038086
mp-18577,0.04139268398284912,0.18386441469192505
mp-1095440,0.5538830161094666,0.5620582103729248
mp-30222,-0.06550154834985733,-0.0768553614616394
mp-21410,0.8068580031394958,0.8244965076446533
mp-18458,0.2718416154384613,0.2590641379356384
mp-18483,0.2405492514371872,0.2758183181285858
mp-17835,-0.03151705116033554,0.02838265895843506
mp-568469,0.8188853859901428,0.9345009326934814
mp-3788,1.236537218093872,1.1945605278015137
mp-557134,0.577491819858551,0.633262574672699
mp-560417,0.5705429315567017,0.6679468154907227
mp-9996,-0.3279021382331848,-0.5073906779289246
mp-27888,1.7790189981460571,1.797424554824829
mp-18867,0.2504200041294098,0.3625198006629944
mp-21459,0.5037906765937805,0.6174243092536926
mp-4578,0.3502480089664459,0.25822487473487854
mp-1103685,-0.045757491141557693,-0.04113727807998657
mp-1189598,0.9571282267570496,0.7977718114852905
mp-29977,0.04139268398284912,-0.0047869086265563965
mp-555370,0.5502283573150635,0.5154475569725037
mp-12957,-0.055517327040433884,-0.2098391056060791
mp-541687,0.004321373999118805,-0.01834779977798462
mp-571046,0.5670263767242432,0.6995553970336914
mp-4391,1.4336098432540894,1.4145992994308472
mp-733,0.6599162220954895,0.8083779215812683
mp-558570,0.587710976600647,0.5863547921180725
mp-5151,0.36921584606170654,0.3545611500740051
mp-1103554,0.7505083680152893,0.6762807965278625
mp-1078498,0.6354837417602539,0.6159636974334717
mp-558362,0.7528164386749268,0.7850425243377686
mp-8579,0.40140053629875183,0.27536478638648987
mp-3834,0.6324573159217834,0.5814898610115051
mp-7502,0.12385164201259613,0.20928701758384705
mp-1079945,0.3765769600868225,0.3610366880893707
mp-4907,0.21218760311603546,0.23165389895439148
mp-1191072,0.12710480391979218,0.13231205940246582
mp-4338,0.7626785635948181,0.7835140824317932
mp-540771,0.5118833780288696,0.6476249694824219
mp-29488,0.5490032434463501,0.5842024087905884
mp-5693,0.7234556674957275,0.7006213665008545
mp-5193,0.6424645185470581,0.6223562955856323
mp-1103510,0.5118833780288696,0.46375569701194763
mp-2956,0.8014037013053894,0.7890119552612305
mp-5962,0.6599162220954895,0.47241508960723877
mp-3978,0.5465426445007324,0.6027293801307678
mp-15572,0.318063348531723,0.26957666873931885
mp-1143,1.5441920757293701,1.4933764934539795
mp-4194,0.9247959852218628,0.9494702219963074
mp-29209,0.1818435937166214,0.21634343266487122
mp-6228,0.9712758660316467,0.9478481411933899
mp-640553,0.675778329372406,0.6948287487030029
mp-4651,0.879669189453125,0.8017532825469971
mp-540703,-0.102372907102108,-0.13740086555480957
mp-6333,0.9190781116485596,0.971406102180481
mp-30249,0.4082399606704712,0.47695761919021606
mp-1078053,0.8109042644500732,0.6908096671104431
mp-1190900,0.8830933570861816,0.7279719710350037
mp-401,0.5865873098373413,0.6151872873306274
mp-6793,0.521138072013855,0.4907824695110321
mp-620652,0.36735591292381287,0.3319055438041687
mp-471,0.8202014565467834,0.7899891138076782
mp-571383,0.4814426302909851,0.5523574948310852
mp-1197611,0.1760912537574768,0.283474326133728
mp-5238,0.9982593655586243,1.0098576545715332
mp-3529,0.1846914291381836,0.07416018843650818
mp-1868,0.7250944972038269,0.7296280860900879
mp-541106,-0.3979400098323822,-0.5332228541374207
mp-8430,0.2671717405319214,0.3288721442222595
mp-14591,0.1492191106081009,0.16954156756401062
mp-562480,0.2095150202512741,0.15450015664100647
mp-6548,0.5820633769035339,0.7932872772216797
mp-3529,0.15228834748268127,0.07416018843650818
mp-5837,0.918030321598053,0.8451377749443054
mp-9266,0.4166405200958252,0.3713865578174591
mp-3707,1.2929203510284424,1.192952036857605
mp-4086,1.3016809225082397,1.2434645891189575
mp-3647,0.7965743541717529,0.8381686210632324
mp-540688,0.5854607224464417,0.781800389289856
mp-7277,-0.07058107107877731,-0.15358173847198486
mp-1018652,-0.07058107107877731,-0.022182703018188477
mp-621945,0.8375884294509888,0.8372082114219666
mp-541937,0.2944662272930145,0.04258108139038086
mp-1020623,1.7288405895233154,1.5717530250549316
mp-14634,-0.022276394069194794,-0.06965464353561401
mp-3163,0.5198280215263367,0.6182776093482971
mp-546794,0.7558748722076416,0.6013075113296509
mp-18365,-0.130768284201622,-0.1365199089050293
mp-567771,1.0297894477844238,1.1762064695358276
mp-17063,0.05690485239028931,0.09964776039123535
mp-2898,0.5763413310050964,0.589774489402771
mp-2874,1.5021538734436035,1.55381441116333
mp-4979,1.1373541355133057,1.116445779800415
mp-30041,0.3765769600868225,0.3851858973503113
mp-6094,1.160468578338623,0.9558134078979492
mp-569857,0.14612802863121033,0.14924076199531555
mp-22633,0.19589965045452118,0.252106636762619
mp-557142,1.0553783178329468,0.9655200242996216
mp-1189305,0.3344537615776062,0.3043908476829529
mp-5055,0.4969296455383301,0.3643947243690491
mp-12908,0.5132176280021667,0.4296993017196655
mp-614572,0.3729119896888733,0.37617993354797363
mp-1019089,0.1492191106081009,0.16263991594314575
mp-4481,0.8082109689712524,0.8516850471496582
mp-7904,1.0648322105407715,0.9739812016487122
mp-4194,0.9469432830810547,0.9494702219963074
mp-1627,0.3304137587547302,0.34441500902175903
mp-4009,0.21484385430812836,0.3123684525489807
mp-6960,-0.03151705116033554,-0.007991373538970947
mp-17392,0.7363964915275574,0.7586424350738525
mp-4194,0.9523079991340637,0.9494702219963074
mp-1265,1.6139475107192993,1.2179920673370361
mp-1104930,0.7315887808799744,0.6985925436019897
mp-10952,0.8202014565467834,0.7956931591033936
mp-22053,0.9818186163902283,0.9100661277770996
mp-8725,-0.06550154834985733,-0.1229819655418396
mp-3762,0.5599066019058228,0.5049033164978027
mp-556978,0.3654879927635193,0.35454538464546204
mp-22648,0.8976271152496338,0.8399269580841064
mp-4287,1.013258695602417,0.9875775575637817
mp-5546,0.26481783390045166,0.3331514596939087
mp-11114,0.012837224639952183,0.020401358604431152
mp-1627,0.3404441177845001,0.34441500902175903
mp-540788,0.025305865332484245,0.29080384969711304
mp-554278,1.9564086198806763,1.6088457107543945
mp-1006880,1.2129862308502197,1.2468326091766357
mp-4255,0.4698220193386078,0.4091814160346985
mp-15781,0.4424797594547272,0.4454556405544281
mp-8882,1.3843533992767334,1.3365799188613892
mp-13872,0.5526682138442993,0.4210318624973297
mp-616481,-0.3565473258495331,-0.3807510733604431
mp-604914,0.6910814642906189,0.6414413452148438
mp-15788,0.5910646319389343,0.5565335154533386
mp-5238,0.9982593655586243,1.0098576545715332
mp-4820,1.6921416521072388,1.8435487747192383
mp-559313,1.428134799003601,1.5573554039001465
mp-1191903,0.3424226939678192,0.3132474720478058
mp-865606,-0.14874164760112762,-0.056822359561920166
mp-1565,1.7605732679367065,1.7652325630187988
mp-8257,0.5740312933921814,0.42211830615997314
mp-28035,0.1492191106081009,0.09586799144744873
mp-555818,0.3304137587547302,0.39679470658302307
mp-12787,0.3404441177845001,0.6054141521453857
mp-6440,1.2664668560028076,1.3971731662750244
mp-4959,0.7817553877830505,0.8126804828643799
mp-13033,1.1055102348327637,0.8392497301101685
mp-1020721,0.6608654856681824,1.0533710718154907
mp-568172,0.732393741607666,0.6714398264884949
mp-29131,0.6901960968971252,0.6681976318359375
mp-3827,0.08635982871055603,0.0672886073589325
mp-17207,-0.20065945386886597,-0.17177432775497437
mp-5238,0.9982593655586243,1.0098576545715332
mp-13178,1.8226256370544434,1.7681691646575928
mp-11023,1.097951054573059,1.1504048109054565
mp-8683,0.06818585842847824,-0.006624400615692139
mp-6228,1.1195857524871826,0.9478481411933899
mp-15687,0.05690485239028931,0.14729663729667664
mp-1101755,0.7686380743980408,0.730725884437561
mp-13134,0.7803173065185547,0.806808590888977
mp-9200,-0.07058107107877731,-0.03961443901062012
mp-11770,0.9132838845252991,0.890204906463623
mp-28701,-0.2924298346042633,-0.2654294967651367
mp-1001826,2.2529985904693604,2.289283514022827
mp-864638,0.22788670659065247,0.13736066222190857
mp-505767,0.008600171655416489,-0.07724517583847046
mp-10973,0.3424226939678192,0.37187904119491577
mp-1186,-0.6020600199699402,-0.639660656452179
mp-10167,0.4232458770275116,0.19828170537948608
mp-1193219,0.44090908765792847,0.6243196725845337
mp-11012,0.2944662272930145,0.35757625102996826
mp-3626,0.9222062826156616,0.9794015884399414
mp-7945,0.680335521697998,0.6427700519561768
mp-3497,1.005609393119812,0.9734412431716919
mp-277,1.0253058671951294,1.0300360918045044
mp-16452,0.3783979117870331,0.3423781991004944
mp-2400,0.3010300099849701,0.3073574900627136
mp-28853,0.5514500141143799,0.5892883539199829
mp-370,0.8926510214805603,0.852776288986206
mp-558603,0.2718416154384613,0.40428322553634644
mp-573145,0.02938377857208252,-0.04495757818222046
mp-1020609,0.9740508794784546,1.1185822486877441
mp-29397,0.521138072013855,0.5420140027999878
mp-6408,0.9822712540626526,0.933483362197876
mp-21019,0.8241258263587952,0.8603084087371826
mp-21511,0.1303337663412094,0.15435418486595154
mp-2574,1.939019799232483,1.9450061321258545
mp-2095,-0.2291479855775833,-0.17344903945922852
mp-20758,1.1869562864303589,1.202653169631958
mp-4163,1.2198463678359985,1.064911961555481
mp-7534,0.5415792465209961,0.4462142884731293
mp-1192025,0.36921584606170654,0.44995078444480896
mp-22736,0.8830933570861816,0.8918602466583252
mp-22230,0.8014037013053894,0.7428469657897949
mp-3595,0.9576072692871094,0.9420332908630371
mp-560321,0.8102325201034546,1.002677321434021
mp-17791,0.2944662272930145,0.2802264392375946
mp-8187,0.6424645185470581,0.4869506359100342
mp-1683,-0.3979400098323822,-0.34900617599487305
mp-19803,0.8609366416931152,0.9115636348724365
mp-9984,-0.07058107107877731,-0.12207162380218506
mp-18439,0.06445799022912979,0.14921259880065918
mp-943,0.8312296867370605,0.8388745784759521
mp-3370,1.389697551727295,1.3787367343902588
mp-8884,0.812244713306427,0.8515307903289795
mp-8931,-0.055517327040433884,-0.1261293888092041
mp-7436,-0.004364805296063423,-0.0024595260620117188
mp-2979,1.493736743927002,1.4633405208587646
mp-558110,-0.5850266814231873,-0.5782508254051208
mp-29341,-0.08618614822626114,-0.1356084942817688
mp-5837,0.8228216171264648,0.8451377749443054
mp-7435,0.10380372405052185,0.1207299530506134
mp-17698,-0.036212172359228134,-0.029782235622406006
mp-11607,2.123328924179077,2.1353695392608643
mp-4190,1.4807254076004028,1.2985541820526123
mp-4697,0.5682017207145691,0.6345843076705933
mp-1477,0.15533603727817535,0.19881245493888855
mp-21280,0.3463529646396637,0.4816698431968689
mp-6678,-0.130768284201622,-0.011209964752197266
mp-1188220,0.5514500141143799,0.8183271288871765
mp-2133,1.573683738708496,1.5643107891082764
mp-1104810,0.3463529646396637,0.3192213177680969
mp-7650,0.6074550151824951,0.5506272315979004
mp-1103996,0.045322977006435394,0.00864267349243164
mp-1101801,0.2787536084651947,0.2474048137664795
mp-390,1.8345478773117065,1.8137412071228027
mp-18612,-0.03151705116033554,0.006862819194793701
mp-1191223,-0.045757491141557693,-0.03637903928756714
mp-8347,0.357934832572937,0.35443031787872314
mp-17597,0.5954962372779846,0.5446913838386536
mp-31273,0.3783979117870331,0.36498016119003296
mp-22913,0.9532763361930847,0.9217021465301514
mp-9755,1.3479151725769043,1.3806644678115845
mp-17747,0.5185139179229736,0.5204526782035828
mp-15751,0.5809249877929688,0.5999550819396973
mp-28926,0.506505012512207,0.49918654561042786
mp-4338,0.7626785635948181,0.7835140824317932
mp-1018721,1.6959192752838135,1.5959696769714355
mp-27554,0.15228834748268127,0.2769869565963745
mp-555569,0.7007037401199341,0.6680251955986023
mp-640614,0.1613679975271225,0.24178540706634521
mp-5131,0.2041199803352356,0.2791782319545746
mp-14411,0.399673730134964,0.47976166009902954
mp-3043,0.42975229024887085,0.3861318826675415
mp-1821,-1.096909999847412,-1.1385796070098877
mp-617632,0.357934832572937,0.3721580505371094
mp-226,0.7134905457496643,0.6756545305252075
mp-19833,0.7041504979133606,0.6472864747047424
mp-9383,1.0265332460403442,0.9823364019393921
mp-9680,0.008600171655416489,0.036464035511016846
mp-19722,0.9003671407699585,0.8712790608406067
mp-21019,0.7626785635948181,0.8603084087371826
mp-8278,0.6998377442359924,0.628525972366333
mp-9567,0.3729119896888733,0.342815637588501
mp-3536,1.3624824285507202,1.4158666133880615
mp-5058,0.8819549679756165,0.8039676547050476
mp-5304,0.7634279727935791,0.8947749137878418
mp-558536,-0.045757491141557693,0.014460623264312744
mp-3017,0.22010809183120728,0.23446911573410034
mp-16870,0.1172712966799736,0.1435222625732422
mp-5449,0.8756399154663086,1.1299716234207153
mp-29035,0.4099331200122833,0.4658449590206146
mp-21137,0.6830470561981201,0.6539800763130188
mp-21705,0.06069783866405487,0.0517333447933197
mp-1009746,1.8505849838256836,1.7930595874786377
mp-5342,0.8149131536483765,0.812899112701416
mp-8016,0.860338032245636,0.8305307626724243
mp-1008786,0.6589648723602295,0.6360862255096436
mp-624190,-0.102372907102108,-0.15582752227783203
mp-571016,-0.055517327040433884,-0.027167856693267822
mp-27624,0.6580113768577576,0.6388111710548401
mp-22323,1.5488805770874023,1.2451320886611938
mp-3978,0.49554434418678284,0.6027293801307678
mp-21892,0.853698194026947,0.8692708015441895
mp-11719,0.1613679975271225,0.21241626143455505
mp-753,0.4082399606704712,0.3741653561592102
mp-9635,0.5538830161094666,0.5648022890090942
mp-644103,1.0733517408370972,1.1396484375
mp-28079,0.3521825075149536,0.37721335887908936
mp-226,0.6928468942642212,0.6756545305252075
mp-7430,0.2944662272930145,0.24717235565185547
mp-1104843,0.5943925380706787,0.6858910322189331
mp-16031,0.9777235984802246,1.0493988990783691
mp-557032,0.3010300099849701,0.3932504951953888
mp-12441,0.9698816537857056,0.9662327766418457
mp-6376,0.12057393044233322,0.1786050796508789
mp-540633,0.4099331200122833,0.46373647451400757
mp-18685,0.42488163709640503,0.47629669308662415
mp-10963,0.3010300099849701,0.40134963393211365
mp-19932,0.045322977006435394,0.06307435035705566
mp-15703,2.1777384281158447,2.2139511108398438
mp-10159,-0.08618614822626114,-0.11126577854156494
mp-641539,1.7969211339950562,1.7968313694000244
mp-3904,1.1835545301437378,0.9554357528686523
mp-3497,1.0068937540054321,0.9734412431716919
mp-9570,0.5820633769035339,0.5789682865142822
mp-7191,0.4785664975643158,0.46341758966445923
mp-8883,1.058426022529602,1.216230869293213
mp-1513,0.38201704621315,0.33547890186309814
mp-558085,0.3598354756832123,0.4875003695487976
mp-18008,0.1702617108821869,0.19131100177764893
mp-1079772,0.49831056594848633,0.46574127674102783
mp-7258,0.3424226939678192,0.3946884274482727
mp-9318,0.1172712966799736,0.08046793937683105
mp-505172,0.12057393044233322,0.13227075338363647
mp-10281,1.020361304283142,1.330175518989563
mp-1105681,0.8162413239479065,1.1129827499389648
mp-1009087,1.1000257730484009,1.1817800998687744
mp-559928,1.6089537143707275,1.8703699111938477
mp-2030,1.092018485069275,1.0842616558074951
mp-20042,0.24551266431808472,0.22038236260414124
mp-7844,0.6364879012107849,0.6352869272232056
mp-1345,0.6928468942642212,0.6475924253463745
mp-7909,0.5276299118995667,0.5767266154289246
mp-3839,0.5888317227363586,0.5344346165657043
mp-30533,0.04921802133321762,0.08496323227882385
mp-8960,0.3873898386955261,0.3909761309623718
mp-17048,-0.07572071254253387,0.00038295984268188477
mp-17173,0.8273692727088928,0.7944775819778442
mp-7956,0.07188200950622559,0.09150800108909607
mp-505721,0.05307844281196594,-0.013862848281860352
mp-31060,0.07188200950622559,0.12073147296905518
mp-27195,-0.04095860943198204,0.08955991268157959
mp-14951,0.2718416154384613,0.260717511177063
mp-4756,0.7118072509765625,0.6771869659423828
mp-21855,0.3263358473777771,0.405774861574173
mp-27424,0.27646180987358093,0.325990229845047
mp-1188929,0.6404814124107361,0.6058794856071472
mp-256,1.247727870941162,1.1822823286056519
mp-8380,0.5728716254234314,0.6316686868667603
mp-22895,0.8500332832336426,0.8341089487075806
mp-29301,0.16435284912586212,0.24527671933174133
mp-4979,1.1357685327529907,1.116445779800415
mp-556667,1.3346548080444336,1.2441480159759521
mp-562490,0.8767949938774109,0.5525904297828674
mp-5342,0.812244713306427,0.812899112701416
mp-5827,0.8842287659645081,0.9259220957756042
mp-3952,0.5705429315567017,0.6172477602958679
mp-22356,0.5185139179229736,0.5357187986373901
mp-9881,-0.2441251426935196,-0.22826987504959106
mp-3828,0.584331214427948,0.5086488723754883
mp-21459,0.5037906765937805,0.6174243092536926
mp-15567,0.14612802863121033,0.1814189851284027
mp-21183,-0.036212172359228134,-0.06599563360214233
mp-634,-0.3467874825000763,-0.34277772903442383
mp-2920,0.7788744568824768,0.8848421573638916
mp-4030,-0.14874164760112762,-0.14407628774642944
mp-7087,2.1800971031188965,2.4232828617095947
mp-559238,0.17897695302963257,0.15637531876564026
mp-558055,0.5171958804130554,0.48702681064605713
mp-3762,0.5599066019058228,0.5049033164978027
mp-27752,0.26007139682769775,0.24482440948486328
mp-1190981,0.3404441177845001,0.31484588980674744
mp-542654,0.1613679975271225,0.19479724764823914
mp-5238,0.9995654821395874,1.0098576545715332
mp-27887,0.3765769600868225,0.33340853452682495
mp-15252,0.812244713306427,0.8062227964401245
mp-1069771,0.03342375531792641,-0.01080632209777832
mp-17367,0.36921584606170654,0.4109458327293396
mp-9948,0.1303337663412094,0.08083969354629517
mp-1095694,0.7551122903823853,0.7599138021469116
mp-1009813,1.4181355237960815,1.4060933589935303
mp-558636,1.058426022529602,1.0948693752288818
mp-2310,0.7839035987854004,0.8564601540565491
mp-13099,1.9263938665390015,1.8802757263183594
mp-20289,0.5145477652549744,0.5035166144371033
mp-17954,0.3521825075149536,0.39651888608932495
mp-31086,0.648360013961792,0.6153594851493835
mp-4953,0.7032913565635681,0.703160285949707
mp-29484,-0.036212172359228134,-0.0463712215423584
mp-10044,1.9627480506896973,2.012131690979004
mp-504536,0.399673730134964,0.4649922847747803
mp-4819,0.9159272313117981,0.9589110016822815
mp-505448,0.07188200950622559,0.058099329471588135
mp-7129,0.1846914291381836,0.14559832215309143
mp-1102743,0.7419390678405762,0.753497838973999
mp-28922,1.5720579624176025,1.4942207336425781
mp-15220,0.0,-0.03492647409439087
mp-554310,0.21748393774032593,0.07965448498725891
mp-226,0.7134905457496643,0.6756545305252075
mp-8727,0.3304137587547302,0.38181793689727783
mp-8716,0.0791812464594841,0.04934525489807129
mp-226,0.6946051716804504,0.6756545305252075
mp-5621,0.4771212637424469,0.3796023726463318
mp-2885,0.8027737140655518,1.055881142616272
mp-1104129,0.1731862723827362,0.17778658866882324
mp-1627,0.3304137587547302,0.34441500902175903
mp-8276,0.6785183548927307,0.5800043344497681
mp-7219,0.22788670659065247,0.23011532425880432
mp-16904,0.02118929848074913,0.03538602590560913
mp-9306,0.8591383099555969,0.8389225602149963
mp-995191,1.0633333921432495,1.0025264024734497
mp-4194,0.9415114521980286,0.9494702219963074
mp-2534,1.3432115316390991,1.2255542278289795
mp-972808,0.38916608691215515,0.5129298567771912
mp-541998,0.07188200950622559,0.09255319833755493
mp-11602,0.4265112578868866,0.38750773668289185
mp-35785,0.666517972946167,0.6682933568954468
mp-2885,1.1156104803085327,1.055881142616272
mp-15011,0.2405492514371872,0.16503888368606567
mp-554663,1.0354297161102295,0.9409113526344299
mp-7765,0.38201704621315,0.4055187702178955
mp-568867,1.6193020343780518,1.5862789154052734
mp-252,1.3109055757522583,1.3158533573150635
mp-22009,0.5158738493919373,0.3851582407951355
mp-8374,0.2041199803352356,0.26487746834754944
mp-616476,0.8221680521965027,0.6934938430786133
mp-4907,0.2095150202512741,0.23165389895439148
mp-29975,0.1583624929189682,0.11200213432312012
mp-28768,0.06069783866405487,0.0512557327747345
mp-559227,-0.07572071254253387,-0.10811960697174072
mp-8484,0.9982593655586243,0.9910328388214111
mp-7897,0.5477747321128845,0.4199206233024597
mp-5342,0.8149131536483765,0.812899112701416
mp-9710,1.385427474975586,1.2654194831848145
mp-3930,0.8432327508926392,0.8082687258720398
mp-28712,0.22010809183120728,0.2705472409725189
mp-22605,0.5250447988510132,0.48088425397872925
mp-546794,0.7007037401199341,0.6013075113296509
mp-10955,0.2944662272930145,0.1948431134223938
mp-867219,0.879669189453125,0.7185484766960144
mp-5924,1.3953263759613037,1.5474638938903809
mp-4756,0.7118072509765625,0.6771869659423828
mp-3835,0.40483370423316956,0.28029125928878784
mp-557401,0.4771212637424469,0.37509268522262573
mp-1106381,0.1492191106081009,0.11952891945838928
mp-9379,0.4548448622226715,0.36504459381103516
mp-1197203,0.4132997691631317,0.5742030143737793
mp-4255,0.4899584650993347,0.4091814160346985
mp-5342,0.8162413239479065,0.812899112701416
mp-15642,0.3138672113418579,0.28183406591415405
mp-422,2.0399293899536133,2.0478601455688477
mp-7986,0.7259116172790527,0.8181555271148682
mp-5794,1.077367901802063,1.143378734588623
mp-4452,0.863917350769043,0.8101208209991455
mp-569813,0.1492191106081009,0.15614458918571472
mp-582767,0.40483370423316956,0.36328190565109253
mp-2998,0.7435097694396973,0.7285205125808716
mp-2156,-0.5376020073890686,-0.582131564617157
mp-5414,0.2095150202512741,0.19496840238571167
mp-18407,0.5693739056587219,0.685193657875061
mp-12910,0.07188200950622559,0.05431795120239258
mp-553970,-0.102372907102108,-0.14102721214294434
mp-21452,0.21484385430812836,0.21184945106506348
mp-2589,1.1486026048660278,1.1543710231781006
mp-20088,0.36361196637153625,0.3587037920951843
mp-19833,0.7058637142181396,0.6472864747047424
mp-1439,1.6551384925842285,1.7150907516479492
mp-570668,0.2833012342453003,0.2692224681377411
mp-21409,-0.6020600199699402,-0.3548726439476013
mp-4338,0.7626785635948181,0.7835140824317932
mp-7275,0.33243846893310547,0.43070924282073975
mp-605485,0.5987905263900757,0.7692631483078003
mp-5020,0.5705429315567017,0.6273219585418701
mp-15222,-0.08618614822626114,-0.1655198335647583
mp-3592,-0.102372907102108,-0.11019152402877808
mp-19845,0.6020600199699402,0.6488513350486755
mp-620372,-0.08618614822626114,-0.14191097021102905
mp-560262,0.1760912537574768,0.02390599250793457
mp-13031,1.3773062229156494,1.1003022193908691
mp-1105,0.506505012512207,0.47311466932296753
mp-605485,0.5965970754623413,0.7692631483078003
mp-541686,0.1303337663412094,0.1407567262649536
mp-886,1.3130230903625488,1.3026254177093506
mp-558760,0.3560258448123932,0.3894742429256439
mp-10166,0.1613679975271225,0.16742810606956482
mp-20782,0.2855572998523712,0.2749067544937134
mp-17980,0.04139268398284912,0.09433254599571228
mp-441,-0.06550154834985733,-0.12133282423019409
mp-10802,-0.07572071254253387,-0.034784674644470215
mp-3707,0.9527924656867981,1.192952036857605
mp-8279,0.4771212637424469,0.4857422709465027
mp-2201,0.2966651916503906,0.35939809679985046
mp-557691,0.7543483376502991,0.8144974708557129
mp-6406,0.9885589480400085,1.0203883647918701
mp-1188106,0.4785664975643158,0.5275657176971436
mp-8117,0.012837224639952183,-0.07805490493774414
mp-29410,0.399673730134964,0.3905995190143585
mp-963,2.7917118072509766,2.7755839824676514
mp-557105,0.3096301555633545,0.33417630195617676
mp-4008,0.805500864982605,0.8029004335403442
mp-2534,1.3424227237701416,1.2255542278289795
mp-226,0.6928468942642212,0.6756545305252075
mp-5614,0.44560420513153076,0.5005950331687927
mp-983565,1.0937718152999878,1.1904116868972778
mp-523,0.5145477652549744,0.49282118678092957
mp-19159,0.5263392925262451,0.5228593349456787
mp-3762,0.5490032434463501,0.5049033164978027
mp-12981,1.5032458305358887,1.4830434322357178
mp-6227,1.1055102348327637,0.939309298992157
mp-8188,0.8579352498054504,0.8025548458099365
mp-697670,0.6493348479270935,0.4719323515892029
mp-644883,0.14612802863121033,0.1260637640953064
mp-5860,0.2013971209526062,0.15784254670143127
mp-20456,0.5987905263900757,0.5510030388832092
mp-4979,1.1367205381393433,1.116445779800415
mp-636813,0.06445799022912979,0.029843568801879883
mp-2099,0.6627578139305115,0.6055470108985901
mp-3463,1.130976676940918,1.1113920211791992
mp-3378,1.1752218008041382,1.1661851406097412
mp-8543,0.27646180987358093,0.2639754116535187
mp-20474,0.7419390678405762,0.8895232677459717
mp-17911,0.45636603236198425,0.5219462513923645
mp-28127,0.18752072751522064,0.1222386360168457
mp-19034,0.9708116054534912,1.0804314613342285
mp-17394,0.6503075361251831,0.7599542140960693
mp-30949,0.5289167165756226,0.5278708934783936
mp-28261,0.41497334837913513,0.4219466745853424
mp-16319,-0.102372907102108,-0.14098751544952393
mp-15998,0.08278536796569824,0.10311958193778992
mp-1018804,0.8597385883331299,0.8633546829223633
mp-1103966,0.230448916554451,0.18631505966186523
mp-27907,0.16435284912586212,0.06000334024429321
mp-21893,0.26245108246803284,0.32149267196655273
mp-22756,0.3560258448123932,0.15871912240982056
mp-3813,0.80955970287323,0.5797728300094604
mp-3872,0.6901960968971252,0.6708852648735046
mp-15622,-0.4948500096797943,-0.5101826786994934
mp-7220,0.521138072013855,0.6425407528877258
mp-5827,0.9344984292984009,0.9259220957756042
mp-3359,0.9047155380249023,0.7189939618110657
mp-5096,1.37675940990448,1.1664698123931885
mp-9693,-0.11350927501916885,-0.10538220405578613
mp-620346,0.07554696500301361,0.09961685538291931
mp-1002124,1.8238002061843872,1.9836924076080322
mp-1078160,0.48855072259902954,0.45207297801971436
mp-554722,0.9628427028656006,1.0297644138336182
mp-4068,0.19033169746398926,0.18940004706382751
mp-22587,0.39093509316444397,0.262822687625885
mp-30239,0.29225605726242065,0.30485206842422485
mp-3043,0.4116196930408478,0.3861318826675415
mp-4524,1.0722498893737793,1.101110816001892
mp-9107,0.36735591292381287,0.3483213484287262
mp-1192773,0.49415460228919983,0.5088030099868774
mp-28978,0.19033169746398926,0.1889089047908783
mp-568036,0.8182259202003479,0.8459386825561523
mp-1078709,-0.10790539532899857,-0.12618488073349
mp-2384,1.0297894477844238,0.9435314536094666
mp-14588,0.0791812464594841,0.040702760219573975
mp-10224,0.7218106389045715,0.7499927282333374
mp-358,-0.2924298346042633,-0.31996357440948486
mp-5893,0.9795483946800232,0.9983012676239014
mp-3771,1.5027002096176147,1.3163716793060303
mp-553432,1.1961761713027954,1.2441672086715698
mp-9655,0.46389299631118774,0.5473247766494751
mp-550908,1.276002049446106,1.1398473978042603
mp-17667,0.1430148035287857,0.20677262544631958
mp-3451,0.12057393044233322,0.1601260006427765
mp-8347,0.38201704621315,0.35443031787872314
mp-7773,0.06069783866405487,0.1338285207748413
mp-3650,0.12057393044233322,0.09305551648139954
mp-7657,-0.04095860943198204,-0.060450971126556396
mp-1104062,0.1846914291381836,0.16422340273857117
mp-568018,-0.055517327040433884,-0.0688774585723877
mp-2065,1.1728947162628174,1.1612377166748047
mp-29829,0.2855572998523712,0.27545997500419617
mp-2065,1.1740597486495972,1.1612377166748047
mp-3038,0.6464037299156189,0.6685535311698914
mp-1080073,0.9074113368988037,0.8915081024169922
mp-1397,-0.08618614822626114,-0.16120529174804688
mp-2853,1.5509617328643799,1.4894366264343262
mp-10477,0.045322977006435394,0.05817416310310364
mp-5342,0.8149131536483765,0.812899112701416
mp-541378,-0.1249387338757515,-0.06640517711639404
mp-558629,0.4502491056919098,0.49608272314071655
mp-1188392,0.44870632886886597,0.4047977924346924
mp-1103996,0.045322977006435394,0.00864267349243164
mp-4180,0.8836614489555359,0.9474259614944458
mp-5621,0.4742162525653839,0.3796023726463318
mp-7500,0.630427896976471,0.63673996925354
mp-22638,0.4857214391231537,0.42529237270355225
mp-560588,1.2839792966842651,1.333754301071167
mp-4979,1.1373541355133057,1.116445779800415
mp-22611,0.7109631299972534,0.7178778648376465
mp-559144,0.004321373999118805,-0.030011355876922607
mp-2589,1.1696743965148926,1.1543710231781006
mp-1070498,-0.14874164760112762,-0.16140711307525635
mp-2114,1.4916417598724365,1.5386388301849365
mp-560954,1.4192947149276733,1.4013855457305908
mp-11191,0.8129133582115173,0.7877334952354431
mp-975237,-0.0969100147485733,-0.08982229232788086
mp-3917,0.6170003414154053,0.6595261693000793
mp-5238,0.9982593655586243,1.0098576545715332
mp-4338,0.7626785635948181,0.7835140824317932
mp-555676,1.181843638420105,1.2490910291671753
mp-561173,0.5670263767242432,0.6310298442840576
mp-1104194,0.15228834748268127,0.41387784481048584
mp-708,0.9390197992324829,0.9197092056274414
mp-17743,1.0480531454086304,0.9896694421768188
mp-4867,1.3089910745620728,1.303943395614624
mp-18288,0.6324573159217834,0.6216204762458801
mp-14091,0.7101173400878906,0.69798743724823
mp-5238,0.9982593655586243,1.0098576545715332
mp-17612,0.40140053629875183,0.430262953042984
mp-2604,0.29225605726242065,0.2593550384044647
mp-1025315,0.587710976600647,0.601935625076294
mp-13641,1.0546131134033203,1.1824091672897339
mp-1078944,0.7664128541946411,0.6375014185905457
mp-1103846,0.01703333854675293,-0.006450653076171875
mp-14928,0.5809249877929688,0.5541388392448425
mp-2231,0.39269694685935974,0.3044939935207367
mp-5014,0.09342168271541595,0.12780547142028809
mp-18635,0.761175811290741,0.6312742829322815
mp-5238,0.9982593655586243,1.0098576545715332
mp-560527,0.8162413239479065,1.0647379159927368
mp-3930,0.8413594961166382,0.8082687258720398
mp-4175,0.9503648281097412,0.9007372856140137
mp-8130,1.009450912475586,1.0267359018325806
mp-4899,0.460897833108902,0.44841504096984863
mp-15973,0.6589648723602295,0.7019679546356201
mp-867334,0.1492191106081009,0.18510079383850098
mp-556100,0.3283796012401581,0.2575738728046417
mp-6465,1.0542298555374146,1.1496951580047607
mp-4747,0.83250892162323,0.8997527956962585
mp-2330,0.3242824673652649,0.2147711217403412
mp-2131,0.5158738493919373,0.5313009023666382
mp-6181,-0.4685210883617401,-0.015677273273468018
mp-15120,-0.130768284201622,-0.06541228294372559
mp-568968,-0.07572071254253387,-0.07842719554901123
mp-4979,1.1367205381393433,1.116445779800415
mp-541997,0.02118929848074913,0.03511917591094971
mp-384,0.9420080780982971,0.9158581495285034
mp-866692,0.4969296455383301,0.44980818033218384
mp-5052,1.1906118392944336,1.2562611103057861
mp-15999,0.3502480089664459,0.34541741013526917
mp-7607,1.4372748136520386,1.413743495941162
mp-861618,-0.008773923851549625,0.028958022594451904
mp-18585,-0.18045605719089508,-0.11207610368728638
mp-4175,0.9489017724990845,0.9007372856140137
mp-17625,0.2966651916503906,0.290857195854187
mp-20256,0.12057393044233322,0.0951424241065979
mp-18115,-0.036212172359228134,-0.11498641967773438
mp-545359,0.5453070998191833,0.46392786502838135
mp-1069706,0.06069783866405487,0.01132965087890625
mp-559860,1.2823954820632935,1.2860138416290283
mp-11658,0.5538830161094666,0.5713590383529663
mp-31286,-0.11350927501916885,-0.12970954179763794
mp-866298,0.5682017207145691,0.5721266269683838
mp-541715,0.2944662272930145,0.2980758845806122
mp-2693,0.5998830795288086,0.6850663423538208
mp-1025500,0.9164539575576782,0.8383603692054749
mp-4056,0.8457180261611938,0.8742715120315552
mp-2065,1.1740597486495972,1.1612377166748047
mp-630328,0.21484385430812836,0.2530149519443512
mp-3497,1.0068937540054321,0.9734412431716919
mp-707135,-0.15490196645259857,0.7032076716423035
mp-9413,0.8959747552871704,0.927709698677063
mp-28591,0.1583624929189682,0.17814132571220398
mp-23408,-0.060480747371912,0.045532941818237305
mp-13099,1.9307453632354736,1.8802757263183594
mp-555853,0.22010809183120728,0.2726423442363739
mp-7440,0.3242824673652649,0.32637929916381836
mp-861938,0.08635982871055603,0.019522428512573242
mp-1087540,0.5976951718330383,0.5371392369270325
mp-6124,1.140822172164917,1.1270256042480469
mp-558580,0.9947569370269775,0.725612223148346
mp-541963,0.02118929848074913,-0.06412708759307861
mp-558200,1.1950689554214478,0.7240926027297974
mp-4551,0.5943925380706787,0.7824841737747192
mp-541430,0.1492191106081009,0.20233973860740662
mp-10044,1.9627480506896973,2.012131690979004
mp-29745,0.19589965045452118,0.19855967164039612
mp-7090,0.22788670659065247,0.24454417824745178
mp-649479,0.16435284912586212,0.13936138153076172
mp-18246,-0.013228265568614006,-0.056967079639434814
mp-558573,1.072617530822754,0.9927082657814026
mp-20499,0.8438554406166077,0.7453117370605469
mp-6948,1.0464951992034912,0.9409477710723877
mp-2030,1.092018485069275,1.0842616558074951
mp-9698,-0.1249387338757515,-0.1587180495262146
mp-741,0.9503648281097412,1.029725432395935
mp-5193,0.6344772577285767,0.6223562955856323
mp-4405,-0.1191864088177681,-0.11242532730102539
mp-10437,0.3304137587547302,0.32400718331336975
mp-608823,-0.20760831236839294,-0.19678837060928345
mp-560767,0.6074550151824951,0.6127738952636719
mp-1205354,0.3483048677444458,0.34409597516059875
mp-554921,0.0791812464594841,0.0862123966217041
mp-3338,0.802089273929596,0.8066383004188538
mp-5213,0.8469552993774414,0.7723342180252075
mp-4194,0.9745116829872131,0.9494702219963074
mp-3787,-0.045757491141557693,-0.05685985088348389
mp-1002164,2.122346878051758,2.2114224433898926
mp-8900,0.07554696500301361,0.028688788414001465
mp-9063,-0.10790539532899857,-0.10075581073760986
mp-504898,-0.036212172359228134,-0.053099632263183594
mp-560842,0.9943171739578247,1.0716733932495117
mp-28365,0.4857214391231537,0.38934531807899475
mp-5639,1.3398487567901611,1.2275408506393433
mp-680170,-0.055517327040433884,-0.07085132598876953
mp-9480,0.49415460228919983,0.49684780836105347
mp-9145,-0.16115090250968933,-0.18811273574829102
mp-560398,0.5646660923957825,0.5109764933586121
mp-28505,0.045322977006435394,-0.023010075092315674
mp-9273,-0.1674910932779312,-0.17847877740859985
mp-1078069,0.5563024878501892,0.6474195718765259
mp-22736,0.8836614489555359,0.8918602466583252
mp-505187,0.11394335329532623,0.24011579155921936
mp-29036,0.3979400098323822,0.3556758761405945
mp-505554,0.6848453879356384,0.6401567459106445
mp-22745,0.28780174255371094,0.23859447240829468
mp-29976,0.21218760311603546,0.25351056456565857
mp-149,2.119321823120117,2.1060400009155273
mp-571189,0.012837224639952183,-0.025461256504058838
mp-5782,0.9289076924324036,0.8944846391677856
mp-1191615,0.3443922698497772,0.40286341309547424
mp-6564,0.5786392092704773,0.7117923498153687
mp-553991,1.206286072731018,1.3769662380218506
mp-5045,-0.2676062285900116,-0.12856334447860718
mp-556870,1.2337573766708374,1.1291897296905518
mp-19037,0.35410845279693604,0.2910943329334259
mp-3094,0.8363240957260132,0.9066454172134399
mp-1068813,0.3344537615776062,0.241201251745224
mp-4549,0.8318697810173035,0.7437136173248291
mp-29829,0.2855572998523712,0.27545997500419617
mp-28967,0.26245108246803284,0.36418285965919495
mp-699208,0.587710976600647,0.5734075903892517
mp-9248,0.8970770239830017,0.8979489803314209
mp-1194401,0.1846914291381836,0.2575690746307373
mp-556742,-0.5376020073890686,-0.5699648261070251
mp-4338,0.7626785635948181,0.7835140824317932
mp-1253,0.5010592341423035,0.47093185782432556
mp-1204783,-0.09151498228311539,-0.14076244831085205
mp-1205388,-0.022276394069194794,-0.018684327602386475
mp-556118,0.23552845418453217,0.3238885700702667
mp-991676,0.17897695302963257,0.20607203245162964
mp-1079848,0.5670263767242432,0.5222401022911072
mp-553942,0.07554696500301361,0.08891531825065613
mp-10091,0.045322977006435394,0.12218132615089417
mp-29373,0.012837224639952183,0.04818683862686157
mp-8016,0.860338032245636,0.8305307626724243
mp-5168,0.9084849953651428,0.8692351579666138
mp-1868,0.8779469728469849,0.7296280860900879
mp-5055,0.4166405200958252,0.3643947243690491
mp-1133,0.40483370423316956,0.5786321759223938
mp-20162,0.5276299118995667,0.5822497606277466
mp-1103852,2.9967129230499268,3.2575533390045166
mp-555740,0.8715729117393494,0.8284534811973572
mp-11108,0.506505012512207,0.48585012555122375
mp-28859,-0.060480747371912,0.0411263108253479
mp-14635,-0.08618614822626114,-0.14140450954437256
mp-568543,-0.045757491141557693,-0.005846083164215088
mp-19851,-0.1191864088177681,-0.14896810054779053
mp-542613,0.04139268398284912,-0.08182013034820557
mp-4052,0.045322977006435394,0.05276590585708618
mp-624253,-0.3979400098323822,-0.27150291204452515
mp-2998,0.7435097694396973,0.7285205125808716
mp-1479,2.439190626144409,2.4292168617248535
mp-17730,0.6117233037948608,0.5329119563102722
mp-4227,0.22788670659065247,0.21496418118476868
mp-561551,1.2116544246673584,1.2601845264434814
mp-542749,-0.0969100147485733,-0.054617226123809814
mp-7475,0.3873898386955261,0.4704403281211853
mp-10161,-0.07058107107877731,-0.08592122793197632
mp-561468,0.7481880187988281,0.8504120707511902
mp-6809,1.1048283576965332,1.1418099403381348
mp-867884,0.13353890180587769,0.028110027313232422
mp-18344,-0.1938200294971466,-0.14223074913024902
mp-1106,0.2718416154384613,0.2687860429286957
mp-6984,0.07554696500301361,0.05926254391670227
mp-5280,1.3334472179412842,1.1552581787109375
mp-12307,-0.1191864088177681,-0.13506066799163818
mp-5058,0.7986506223678589,0.8039676547050476
mp-226,0.6954816579818726,0.6756545305252075
mp-1095493,0.44870632886886597,0.41636139154434204
mp-861606,-0.017728766426444054,-0.025658726692199707
mp-13949,0.453318327665329,0.37441837787628174
mp-19896,0.399673730134964,0.37007975578308105
mp-561434,-0.045757491141557693,-0.06816500425338745
mp-1191443,0.4471580386161804,0.4717622697353363
mp-556859,-0.1674910932779312,0.038854777812957764
mp-15973,0.6580113768577576,0.7019679546356201
mp-630773,-0.2596372961997986,-0.10859602689743042
mp-549706,2.4945859909057617,2.413829803466797
mp-5238,0.9995654821395874,1.0098576545715332
mp-1876,0.7355989217758179,0.6309926509857178
mp-556167,0.6053050756454468,0.8511794805526733
mp-8098,1.2692793607711792,1.2013130187988281
mp-18309,0.2405492514371872,0.25733375549316406
mp-458,1.380573034286499,1.3757340908050537
mp-2030,1.092018485069275,1.0842616558074951
mp-17464,0.7143297791481018,0.7044128775596619
mp-8352,2.488593101501465,2.425093650817871
mp-1188662,0.1430148035287857,0.09089124202728271
mp-557962,0.3096301555633545,0.3589227795600891
mp-7000,0.648360013961792,0.6760892271995544
mp-5546,0.22271646559238434,0.3331514596939087
mp-1018040,1.0622057914733887,1.1083192825317383
mp-4139,0.7505083680152893,0.7326315641403198
mp-15214,0.05307844281196594,0.004628479480743408
mp-2809,-0.026872146874666214,-0.07359188795089722
mp-562726,-0.1426675021648407,-0.07049888372421265
mp-14782,0.10037054866552353,0.06322216987609863
mp-18079,0.307496041059494,0.3042927384376526
mp-19833,0.7032913565635681,0.6472864747047424
mp-9566,0.406540185213089,0.3679249882698059
mp-568638,0.36921584606170654,0.2926170825958252
mp-9062,0.045322977006435394,0.024413585662841797
mp-6606,0.7543483376502991,0.8208667039871216
mp-2065,1.1728947162628174,1.1612377166748047
mp-19885,-0.508638322353363,-0.358384907245636
mp-572822,1.388278841972351,1.3015167713165283
mp-4309,0.14612802863121033,0.12605831027030945
mp-28230,-0.2218487560749054,-0.14741814136505127
mp-5048,0.3729119896888733,0.3815535306930542
mp-971,0.5263392925262451,0.5681585073471069
mp-7771,0.38201704621315,0.37787094712257385
mp-1513,0.3873898386955261,0.33547890186309814
mp-27515,-0.21467016637325287,-0.08192253112792969
mp-504928,0.1760912537574768,0.17498695850372314
mp-226,0.6946051716804504,0.6756545305252075
mp-12383,0.1760912537574768,0.1713753342628479
mp-619279,0.4771212637424469,0.4756443202495575
mp-18851,0.805500864982605,0.9092000126838684
mp-11342,-0.8239087462425232,-0.8180857300758362
mp-608014,0.1583624929189682,0.2511542737483978
mp-7826,0.04921802133321762,0.05413892865180969
mp-3451,0.22788670659065247,0.1601260006427765
mp-1068941,0.19033169746398926,0.19389674067497253
mp-20554,0.5502283573150635,0.5171737670898438
mp-20485,-0.6197887659072876,-0.6373001933097839
mp-9338,0.5646660923957825,0.5441723465919495
mp-22512,0.7902851700782776,0.7791323661804199
mp-18148,0.06818585842847824,0.07307687401771545
mp-540784,0.799340546131134,0.8057572841644287
mp-15896,0.6785183548927307,0.6532617211341858
mp-1222,0.8129133582115173,0.7874941825866699
mp-3762,0.5563024878501892,0.5049033164978027
mp-561586,0.36172783374786377,0.2802497446537018
mp-29289,0.3729119896888733,0.34270739555358887
mp-5693,0.7218106389045715,0.7006213665008545
mp-3175,0.8567289113998413,0.9210472106933594
mp-17914,1.1199153661727905,1.058891773223877
mp-12178,0.3560258448123932,0.4021051526069641
mp-14307,0.8898617029190063,0.8274250030517578
mp-2833,0.6910814642906189,0.711476743221283
mp-21892,0.853698194026947,0.8692708015441895
mp-29376,0.2479732632637024,0.31031954288482666
mp-10952,0.8202014565467834,0.7956931591033936
mp-558426,-0.07572071254253387,-0.02367842197418213
mp-1747,0.08635982871055603,0.0695652961730957
mp-1078696,-0.026872146874666214,0.06651672720909119
mp-4930,1.4980347156524658,1.4760254621505737
mp-1598,0.5185139179229736,0.4637003540992737
mp-7940,0.31175386905670166,0.2805538475513458
mp-1192773,0.7831887006759644,0.5088030099868774
mp-2507,-0.5376020073890686,-0.5775498747825623
mp-3762,0.5538830161094666,0.5049033164978027
mp-6498,0.9863237738609314,0.8948711156845093
mp-557225,0.4345689117908478,0.6612342000007629
mp-8016,0.8579352498054504,0.8305307626724243
mp-582767,0.4471580386161804,0.36328190565109253
mp-1105933,0.357934832572937,0.31166303157806396
mp-1868,0.8767949938774109,0.7296280860900879
mp-13108,0.9169800281524658,0.8281345367431641
mp-10760,0.9068735241889954,0.6570349931716919
mp-1078049,1.0986437797546387,1.0262521505355835
mp-1106381,0.1492191106081009,0.11952891945838928
mp-20042,0.16731733083724976,0.22038236260414124
mp-4533,0.7693773508071899,0.7987232208251953
mp-1077107,0.03342375531792641,0.03416091203689575
mp-267,0.9132838845252991,0.8943220376968384
mp-5621,0.4756712019443512,0.3796023726463318
mp-571281,1.5983526706695557,1.653357744216919
mp-7084,0.3443922698497772,0.3785867691040039
mp-29624,-0.2518119812011719,0.27597466111183167
mp-550172,1.5459253787994385,1.5238347053527832
mp-634859,1.0923696756362915,1.0566749572753906
mp-1136,0.626340389251709,0.5293697714805603
mp-1340,0.49276039004325867,0.38920411467552185
mp-7077,-0.15490196645259857,-0.15704619884490967
mp-13872,0.48855072259902954,0.4210318624973297
mp-7895,0.12385164201259613,0.1991514265537262
mp-9911,0.2095150202512741,0.11952009797096252
mp-16566,0.5965970754623413,0.5239473581314087
mp-1047,0.9143431782722473,0.7953317165374756
mp-2758,0.6170003414154053,0.5790044665336609
mp-559373,1.1423894166946411,0.977358341217041
mp-4026,0.7101173400878906,0.5630573630332947
mp-1104078,0.6821450591087341,0.47681546211242676
mp-563025,0.6646419763565063,0.5711339116096497
mp-8017,0.668385922908783,0.6727305054664612
mp-3051,0.9294189214706421,0.9134265184402466
mp-7547,0.12057393044233322,0.10650697350502014
mp-568293,0.7347998023033142,0.7063954472541809
mp-978857,0.8808135986328125,0.8836225271224976
mp-581833,0.0969100147485733,0.149312824010849
mp-9711,0.7881683707237244,0.8874059319496155
mp-7939,0.38201704621315,0.43317708373069763
mp-504646,0.2013971209526062,0.3308273255825043
mp-17872,0.13987909257411957,0.11711296439170837
mp-8453,0.1731862723827362,0.2224120795726776
mp-1104677,0.44560420513153076,0.5153989791870117
mp-17825,0.606381356716156,0.5537583827972412
mp-9780,-0.11350927501916885,-0.08686405420303345
mp-9687,-0.022276394069194794,-0.0644153356552124
mp-6930,0.863917350769043,0.6394645571708679
mp-3762,0.5599066019058228,0.5049033164978027
mp-17785,0.5224442481994629,0.4736936092376709
mp-1105620,0.7067177891731262,0.6159003376960754
mp-1018722,-0.3979400098323822,-0.33962661027908325
mp-8360,-0.2218487560749054,-0.14396357536315918
mp-1192189,0.8668777942657471,1.1678110361099243
mp-18642,0.5301997065544128,0.558990478515625
mp-7863,0.012837224639952183,-0.07493388652801514
mp-636461,0.5622928738594055,0.6855677366256714
mp-11661,1.5801262855529785,1.5865378379821777
mp-1106227,0.3443922698497772,0.36218297481536865
mp-409,0.3201462924480438,0.29760172963142395
mp-2885,1.132259726524353,1.055881142616272
mp-402,0.8215135335922241,0.8774747848510742
mp-3595,0.963315486907959,0.9420332908630371
mp-11115,-0.026872146874666214,-0.0338895320892334
mp-554868,1.2655253410339355,1.052749514579773
mp-10165,-0.04095860943198204,-0.05079299211502075
mp-21299,0.7937904000282288,0.8228086233139038
mp-638033,0.9370161294937134,1.093360424041748
mp-8829,0.2013971209526062,0.21223300695419312
mp-28743,0.025305865332484245,0.015809357166290283
mp-14795,0.10720997303724289,0.09840518236160278
mp-30543,0.08278536796569824,0.2680279314517975
mp-1080080,1.0051804780960083,0.8800896406173706
mp-4338,0.7626785635948181,0.7835140824317932
mp-7999,1.3972445726394653,1.4390345811843872
mp-558411,0.9132838845252991,1.0385056734085083
mp-560370,0.0969100147485733,0.09142333269119263
mp-560885,0.9175055027008057,1.1187444925308228
mp-7444,-0.15490196645259857,-0.19066935777664185
mp-559550,-0.1938200294971466,0.49975070357322693
mp-754329,1.255995750427246,1.196018934249878
mp-2352,0.8382192254066467,0.8498926162719727
mp-504650,0.4329693019390106,0.40262502431869507
mp-5481,0.4232458770275116,0.34320300817489624
mp-20250,0.892094612121582,0.8772005438804626
mp-12779,0.6637009382247925,0.6024545431137085
mp-556085,0.01703333854675293,-0.015472590923309326
mp-13109,1.089198350906372,1.1691713333129883
mp-27931,-0.013228265568614006,0.0380820631980896
mp-661,2.1846063137054443,2.2524948120117188
mp-16763,0.17897695302963257,0.19318297505378723
mp-560386,0.318063348531723,0.4262395203113556
mp-1039,0.8312296867370605,0.8387081623077393
mp-18253,0.9881128668785095,0.9647843241691589
mp-19833,0.7041504979133606,0.6472864747047424
mp-18502,0.675778329372406,0.8073261976242065
mp-22811,0.6720978617668152,0.6145119667053223
mp-603934,0.8061800003051758,0.7405450940132141
mp-21299,0.7923917174339294,0.8228086233139038
mp-1707,0.4424797594547272,0.35676074028015137
mp-14794,0.22271646559238434,0.2675842046737671
mp-16364,0.8082109689712524,0.8631322979927063
mp-3349,0.6354837417602539,0.8016854524612427
mp-6408,0.9822712540626526,0.933483362197876
mp-4182,1.4012281894683838,1.4336726665496826
mp-3792,1.0588054656982422,1.0451022386550903
mp-2624,1.7743709087371826,1.7670202255249023
mp-1539137,0.3463529646396637,0.37181368470191956
mp-29920,-0.08618614822626114,-0.1316831111907959
mp-546007,0.9556877613067627,0.8809640407562256
mp-3835,0.3979400098323822,0.28029125928878784
mp-2242,0.23804610967636108,0.16729724407196045
mp-545488,1.0285712480545044,1.0487208366394043
mp-559208,0.6031443476676941,0.6750874519348145
mp-1190533,0.8756399154663086,0.9708164930343628
mp-27532,-0.0969100147485733,-0.061055123805999756
mp-15724,-0.022276394069194794,-0.01581960916519165
mp-17947,0.3961993455886841,0.3980365991592407
mp-29354,0.1583624929189682,0.20774412155151367
mp-2633,1.4750897884368896,1.554032564163208
mp-15704,1.9560723304748535,2.0066683292388916
mp-9003,-0.036212172359228134,-0.09259182214736938
mp-8818,1.064083456993103,1.0386592149734497
mp-2517,0.5658478140830994,0.5681236982345581
mp-4899,0.510545015335083,0.44841504096984863
mp-628185,-0.05060999467968941,-0.07381439208984375
mp-10199,0.6618126630783081,0.702751636505127
mp-22811,0.6748611330986023,0.6145117878913879
mp-2833,0.6910814642906189,0.7114766836166382
mp-8389,0.4082399606704712,0.3661491870880127
mp-827,0.2405492514371872,0.25064322352409363
mp-4227,0.230448916554451,0.21496424078941345
mp-1101756,2.02999210357666,1.9100754261016846
mp-4763,1.2736955881118774,1.2603546380996704
mp-2131,0.5693739056587219,0.5313008427619934
mp-510240,0.06445799022912979,0.11214342713356018
mp-8623,-0.0969100147485733,-0.11693346500396729
mp-20079,0.6599162220954895,0.6336669325828552
