mp-3592,-0.102372907102108,-0.1905580759048462
mp-1188929,0.6404814124107361,0.4585321247577667
mp-634859,1.0923696756362915,0.9792014360427856
mp-558570,0.587710976600647,0.5928707718849182
mp-10159,-0.08618614822626114,-0.06670862436294556
mp-27907,0.16435284912586212,0.08955928683280945
mp-1105681,0.8162413239479065,1.0737727880477905
mp-441,-0.06550154834985733,-0.10718977451324463
mp-3650,0.12057393044233322,-0.010341823101043701
mp-11191,0.8129133582115173,0.8644485473632812
mp-28383,0.2576785683631897,0.29170915484428406
mp-523,0.5145477652549744,0.6268988847732544
mp-8623,-0.0969100147485733,-0.10350930690765381
mp-559112,0.652246356010437,0.8058066368103027
mp-21459,0.5037906765937805,0.5170394778251648
mp-17612,0.40140053629875183,0.33652031421661377
mp-17048,-0.07572071254253387,-0.061107099056243896
mp-18612,-0.03151705116033554,0.0071524977684021
mp-5794,1.077367901802063,1.1187660694122314
mp-9567,0.3729119896888733,0.32846254110336304
mp-1189598,0.9571282267570496,0.6407601237297058
mp-1095440,0.5538830161094666,0.32265931367874146
mp-31286,-0.11350927501916885,-0.13752973079681396
mp-14411,0.399673730134964,0.374724805355072
mp-8430,0.2671717405319214,0.363824725151062
mp-21280,0.3463529646396637,0.7051281332969666
mp-23408,-0.060480747371912,0.05164805054664612
mp-11770,0.9132838845252991,0.8586792945861816
mp-4175,0.9489017724990845,0.9500186443328857
mp-21019,0.7626785635948181,0.8252898454666138
mp-30543,0.08278536796569824,0.23098528385162354
mp-2589,1.1486026048660278,1.112950086593628
mp-3827,0.08635982871055603,0.07503953576087952
mp-1105933,0.357934832572937,0.2888774573802948
mp-557225,0.4345689117908478,0.5701857805252075
mp-630328,0.21484385430812836,0.21048101782798767
mp-707135,-0.15490196645259857,0.9077402353286743
mp-1104810,0.3463529646396637,0.23535099625587463
mp-504536,0.399673730134964,0.5214670896530151
mp-680170,-0.055517327040433884,-0.11670565605163574
mp-6408,0.9822712540626526,0.8875398635864258
mp-19833,0.7041504979133606,0.5726173520088196
mp-991676,0.17897695302963257,0.10330399870872498
mp-549706,2.4945859909057617,2.636685848236084
mp-21452,0.21484385430812836,0.21925804018974304
mp-22736,0.8836614489555359,0.8266271948814392
mp-2133,1.573683738708496,1.658015251159668
mp-7844,0.6364879012107849,0.7909698486328125
mp-864638,0.22788670659065247,0.1264593005180359
mp-1950,0.5132176280021667,0.4545421302318573
mp-4549,0.8318697810173035,0.7201175689697266
mp-1103554,0.7505083680152893,0.6845548748970032
mp-9710,1.385427474975586,1.3701667785644531
mp-4194,0.9745116829872131,0.9654207825660706
mp-21137,0.6830470561981201,0.7742406725883484
mp-149,2.119321823120117,2.4152863025665283
mp-17743,1.0480531454086304,0.9798360466957092
mp-9338,0.5646660923957825,0.528269350528717
mp-6333,0.9190781116485596,0.9713255167007446
mp-10199,0.6618126630783081,0.5331965088844299
mp-5151,0.36921584606170654,0.3210713565349579
mp-560321,0.8102325201034546,1.027307391166687
mp-754329,1.255995750427246,1.1055903434753418
mp-15687,0.05690485239028931,0.03184068202972412
mp-12910,0.07188200950622559,-0.08652663230895996
mp-560885,0.9175055027008057,1.0329854488372803
mp-22756,0.3560258448123932,0.3570641577243805
mp-28595,0.12385164201259613,0.1461016833782196
mp-7826,0.04921802133321762,0.05836591124534607
mp-9693,-0.11350927501916885,-0.15695714950561523
mp-16452,0.3783979117870331,0.3300086557865143
mp-9996,-0.3279021382331848,-0.11085611581802368
mp-29488,0.5490032434463501,0.5358833074569702
mp-11023,1.097951054573059,1.1033151149749756
mp-12441,0.9698816537857056,1.0187568664550781
mp-28967,0.26245108246803284,0.31682780385017395
mp-29209,0.1818435937166214,0.24977365136146545
mp-1104930,0.7315887808799744,0.7140679359436035
mp-1188106,0.4785664975643158,0.5936734080314636
mp-17954,0.3521825075149536,0.43333619832992554
mp-4052,0.045322977006435394,0.10351920127868652
mp-8374,0.2041199803352356,0.3059658408164978
mp-2293,1.308350920677185,1.114506721496582
mp-4930,1.4980347156524658,1.3480385541915894
mp-661,2.1846063137054443,2.3439459800720215
mp-17625,0.2966651916503906,0.3705180287361145
mp-1008786,0.6589648723602295,0.6392102837562561
mp-3787,-0.045757491141557693,0.05690068006515503
mp-1025315,0.587710976600647,0.6599035263061523
mp-541715,0.2944662272930145,0.29794806241989136
mp-18407,0.5693739056587219,0.5704702734947205
mp-2534,1.3424227237701416,1.179710030555725
mp-1079848,0.5670263767242432,0.5681439638137817
mp-571189,0.012837224639952183,-0.1342524290084839
mp-559860,1.2823954820632935,0.941365659236908
mp-2885,1.1156104803085327,0.925834059715271
mp-5048,0.3729119896888733,0.40559595823287964
mp-2065,1.1740597486495972,1.178146481513977
mp-555740,0.8715729117393494,0.9015986919403076
mp-5304,0.7634279727935791,0.7459211349487305
mp-1190900,0.8830933570861816,0.7035819888114929
mp-8389,0.4082399606704712,0.38764020800590515
mp-559373,1.1423894166946411,0.6978338360786438
mp-12307,-0.1191864088177681,-0.15096360445022583
mp-4255,0.4899584650993347,0.3439309298992157
mp-567771,1.0297894477844238,1.437626838684082
mp-29376,0.2479732632637024,0.26473698019981384
mp-8883,1.058426022529602,1.1964999437332153
mp-617632,0.357934832572937,0.27382445335388184
mp-9379,0.4548448622226715,0.33636927604675293
mp-17947,0.3961993455886841,0.3880864679813385
mp-557105,0.3096301555633545,0.3294711709022522
mp-12779,0.6637009382247925,0.7233976721763611
mp-8352,2.488593101501465,2.07578182220459
mp-9655,0.46389299631118774,0.5816348791122437
mp-8484,0.9982593655586243,0.996096134185791
mp-1077107,0.03342375531792641,-0.006489217281341553
mp-556742,-0.5376020073890686,-0.5609995722770691
mp-3043,0.42975229024887085,0.4002324938774109
mp-542654,0.1613679975271225,0.1579139232635498
mp-504898,-0.036212172359228134,-0.09123581647872925
mp-3835,0.3979400098323822,0.3132224678993225
mp-30041,0.3765769600868225,0.2434442937374115
mp-28859,-0.060480747371912,0.05633208155632019
mp-2131,0.5693739056587219,0.5547589659690857
mp-555569,0.7007037401199341,0.71532142162323
mp-19833,0.7032913565635681,0.5726173520088196
mp-5058,0.7986506223678589,0.7655689120292664
mp-556167,0.6053050756454468,0.9705429077148438
mp-1018652,-0.07058107107877731,-0.08287936449050903
mp-30222,-0.06550154834985733,-0.15111058950424194
mp-17835,-0.03151705116033554,-0.0024836063385009766
mp-1439,1.6551384925842285,1.5619971752166748
mp-3930,0.8413594961166382,0.8162523508071899
mp-1079945,0.3765769600868225,0.3392336666584015
mp-616481,-0.3565473258495331,-0.37754279375076294
mp-7000,0.648360013961792,0.8362544775009155
mp-18079,0.307496041059494,0.36347419023513794
mp-5621,0.4756712019443512,0.3422034978866577
mp-226,0.6928468942642212,0.7459678053855896
mp-5342,0.8149131536483765,0.7646687626838684
mp-4979,1.1357685327529907,1.1492919921875
mp-560842,0.9943171739578247,0.9471225738525391
mp-556100,0.3283796012401581,0.22793778777122498
mp-1627,0.3304137587547302,0.38586437702178955
mp-6440,1.2664668560028076,1.2058570384979248
mp-7904,1.0648322105407715,1.0877424478530884
mp-20485,-0.6197887659072876,-0.6303859353065491
mp-13099,1.9263938665390015,1.7711257934570312
mp-505448,0.07188200950622559,0.015671133995056152
mp-27752,0.26007139682769775,0.26409488916397095
mp-6948,1.0464951992034912,0.54142826795578
mp-1191615,0.3443922698497772,0.3621506690979004
mp-12383,0.1760912537574768,0.07122492790222168
mp-9248,0.8970770239830017,0.7482736110687256
mp-10161,-0.07058107107877731,-0.07762008905410767
mp-27887,0.3765769600868225,0.4057943820953369
mp-555853,0.22010809183120728,0.23005211353302002
mp-7939,0.38201704621315,0.08880665898323059
mp-21892,0.853698194026947,0.8870342969894409
mp-505721,0.05307844281196594,-0.013383626937866211
mp-556978,0.3654879927635193,0.4412718713283539
mp-561586,0.36172783374786377,0.2900411784648895
mp-4867,1.3089910745620728,1.2645633220672607
mp-4175,0.9503648281097412,0.9500186443328857
mp-8130,1.009450912475586,1.017364263534546
mp-559550,-0.1938200294971466,0.6754957437515259
mp-17911,0.45636603236198425,0.47546762228012085
mp-8347,0.357934832572937,0.3683360815048218
mp-557032,0.3010300099849701,0.31719720363616943
mp-557134,0.577491819858551,0.8624879121780396
mp-29397,0.521138072013855,0.4777020812034607
mp-8257,0.5740312933921814,0.31831544637680054
mp-28127,0.18752072751522064,-0.03949254751205444
mp-1136,0.626340389251709,0.44912290573120117
mp-540633,0.4099331200122833,0.2854379117488861
mp-6809,1.1048283576965332,1.0518715381622314
mp-27195,-0.04095860943198204,0.001405477523803711
mp-1104166,0.5465426445007324,0.47087639570236206
mp-5193,0.6424645185470581,0.4947469234466553
mp-614572,0.3729119896888733,0.45480313897132874
mp-6124,1.140822172164917,0.9777677059173584
mp-14307,0.8898617029190063,0.7840291261672974
mp-9881,-0.2441251426935196,-0.21192383766174316
mp-5238,0.9982593655586243,0.9761953949928284
mp-9698,-0.1249387338757515,-0.24351686239242554
mp-1191443,0.4471580386161804,0.36558762192726135
mp-5893,0.9795483946800232,0.93888920545578
mp-1020623,1.7288405895233154,1.3775317668914795
mp-12957,-0.055517327040433884,0.0673869252204895
mp-15704,1.9560723304748535,2.359001398086548
mp-29745,0.19589965045452118,0.1761038601398468
mp-620372,-0.08618614822626114,-0.1955169439315796
mp-13744,0.274157851934433,0.29462143778800964
mp-1479,2.439190626144409,2.720538377761841
mp-3771,1.5027002096176147,1.1190208196640015
mp-20456,0.5987905263900757,0.5458422303199768
mp-5391,1.0496056079864502,1.0930705070495605
mp-6376,0.12057393044233322,0.1906457543373108
mp-5621,0.4742162525653839,0.3422034978866577
mp-558580,0.9947569370269775,0.7497960329055786
mp-16764,0.08278536796569824,0.12058258056640625
mp-3497,1.0068937540054321,0.96613609790802
mp-4907,0.21218760311603546,0.19391122460365295
mp-1598,0.5185139179229736,0.47634172439575195
mp-22895,0.8500332832336426,0.8253351449966431
mp-11602,0.4265112578868866,0.3542286455631256
mp-16319,-0.102372907102108,-0.16224688291549683
mp-1513,0.3873898386955261,0.45212796330451965
mp-3529,0.1846914291381836,0.06033417582511902
mp-4227,0.230448916554451,0.1802290678024292
mp-18344,-0.1938200294971466,-0.22786164283752441
mp-572822,1.388278841972351,1.326714038848877
mp-1265,1.6139475107192993,1.342400074005127
mp-2998,0.7435097694396973,0.6038097143173218
mp-2857,1.8071966171264648,1.716597080230713
mp-14782,0.10037054866552353,0.0345306396484375
mp-1191903,0.3424226939678192,0.30367162823677063
mp-1018722,-0.3979400098323822,-0.3977425694465637
mp-505554,0.6848453879356384,0.8056517839431763
mp-19845,0.6020600199699402,0.49121686816215515
mp-22648,0.8976271152496338,0.8303699493408203
mp-5970,0.32221928238868713,0.32241737842559814
mp-4338,0.7626785635948181,0.7610901594161987
mp-2833,0.6910814642906189,0.7523102760314941
mp-28768,0.06069783866405487,-0.10935741662979126
mp-556859,-0.1674910932779312,-0.012241780757904053
mp-4338,0.7626785635948181,0.7610901594161987
mp-975237,-0.0969100147485733,-0.11373251676559448
mp-7999,1.3972445726394653,1.2749028205871582
mp-1143,1.5441920757293701,1.4072184562683105
mp-17367,0.36921584606170654,0.41007858514785767
mp-1197611,0.1760912537574768,0.2560800015926361
mp-1821,-1.096909999847412,-0.9704310297966003
mp-1078709,-0.10790539532899857,-0.14605486392974854
mp-10437,0.3304137587547302,0.2932051718235016
mp-5238,0.9982593655586243,0.9761953949928284
mp-1104078,0.6821450591087341,0.38270556926727295
mp-27624,0.6580113768577576,0.9341357350349426
mp-510240,0.06445799022912979,0.034110307693481445
mp-5122,0.510545015335083,0.5743558406829834
mp-1539137,0.3463529646396637,0.49455299973487854
mp-7909,0.5276299118995667,0.5554295778274536
mp-18439,0.06445799022912979,0.07102292776107788
mp-2095,-0.2291479855775833,-0.16579008102416992
mp-9383,1.0265332460403442,0.8619575500488281
mp-553874,0.28780174255371094,0.2724229395389557
mp-2604,0.29225605726242065,0.21841517090797424
mp-7430,0.2944662272930145,0.19371885061264038
mp-252,1.3109055757522583,1.3497157096862793
mp-641539,1.7969211339950562,2.1827685832977295
mp-558573,1.072617530822754,0.9483684301376343
mp-1714,0.7250944972038269,0.8631154298782349
mp-1565,1.7605732679367065,1.552644968032837
mp-3839,0.5888317227363586,0.42786705493927
mp-3038,0.6464037299156189,0.5965957641601562
mp-4026,0.7101173400878906,0.5386763215065002
mp-886,1.3130230903625488,1.1940603256225586
mp-560954,1.4192947149276733,0.9244293570518494
mp-4533,0.7693773508071899,0.7785948514938354
mp-4763,1.2736955881118774,1.2081984281539917
mp-867334,0.1492191106081009,0.17237624526023865
mp-2065,1.1728947162628174,1.178146481513977
mp-620652,0.36735591292381287,0.3595659136772156
mp-19851,-0.1191864088177681,-0.08779144287109375
mp-556163,1.499137043952942,1.1511958837509155
mp-15896,0.6785183548927307,0.6580480933189392
mp-554722,0.9628427028656006,1.0408146381378174
mp-559227,-0.07572071254253387,-0.14577406644821167
mp-1069771,0.03342375531792641,-0.07223409414291382
mp-3904,1.1835545301437378,1.047299861907959
mp-1006880,1.2129862308502197,1.237351655960083
mp-571195,0.9790928959846497,0.7827086448669434
mp-5614,0.44560420513153076,0.4709761142730713
mp-15642,0.3138672113418579,0.3837548494338989
mp-4068,0.19033169746398926,0.1740908920764923
mp-546794,0.7007037401199341,0.5966452956199646
mp-636461,0.5622928738594055,0.5521274209022522
mp-5693,0.7218106389045715,0.671495795249939
mp-10477,0.045322977006435394,0.06015592813491821
mp-550172,1.5459253787994385,1.3637850284576416
mp-7895,0.12385164201259613,0.1539064347743988
mp-5055,0.4969296455383301,0.39495718479156494
mp-561551,1.2116544246673584,1.2058556079864502
mp-21183,-0.036212172359228134,0.00028008222579956055
mp-4820,1.6921416521072388,1.6518909931182861
mp-7475,0.3873898386955261,0.44156256318092346
mp-21299,0.7937904000282288,0.8745763897895813
mp-1189305,0.3344537615776062,0.2658507227897644
mp-861938,0.08635982871055603,-0.022877812385559082
mp-16566,0.5965970754623413,0.5096860527992249
mp-550908,1.276002049446106,1.0420260429382324
mp-2758,0.6170003414154053,0.6133888959884644
mp-19034,0.9708116054534912,1.2331128120422363
mp-7547,0.12057393044233322,0.16811290383338928
mp-2030,1.092018485069275,1.1032781600952148
mp-827,0.2405492514371872,0.33417296409606934
mp-18585,-0.18045605719089508,-0.15932708978652954
mp-8016,0.860338032245636,0.8454283475875854
mp-6228,1.1195857524871826,0.8021316528320312
mp-29976,0.21218760311603546,0.3079569935798645
mp-558760,0.3560258448123932,0.40405967831611633
mp-15973,0.6589648723602295,0.7032489776611328
mp-10091,0.045322977006435394,0.13166090846061707
mp-560398,0.5646660923957825,0.43734219670295715
mp-8360,-0.2218487560749054,-0.19736838340759277
mp-3051,0.9294189214706421,1.0402591228485107
mp-541963,0.02118929848074913,-0.06537425518035889
mp-10281,1.020361304283142,1.1999506950378418
mp-636813,0.06445799022912979,0.1292203962802887
mp-559313,1.428134799003601,1.3247904777526855
mp-1876,0.7355989217758179,0.675819456577301
mp-1455,0.6875289678573608,0.7102680206298828
mp-505172,0.12057393044233322,0.11495864391326904
mp-554663,1.0354297161102295,1.030174732208252
mp-10695,1.5795549154281616,1.1994233131408691
mp-7502,0.12385164201259613,0.35217371582984924
mp-18365,-0.130768284201622,-0.06280529499053955
mp-4524,1.0722498893737793,1.0865533351898193
mp-3762,0.5599066019058228,0.5337427258491516
mp-1194401,0.1846914291381836,0.24159958958625793
mp-18244,0.29225605726242065,0.19759991765022278
mp-1193219,0.44090908765792847,0.5143824815750122
mp-1018721,1.6959192752838135,1.4682263135910034
mp-35785,0.666517972946167,0.47815126180648804
mp-8278,0.6998377442359924,0.679193377494812
mp-1039,0.8312296867370605,1.0809624195098877
mp-27888,1.7790189981460571,1.622565746307373
mp-3952,0.5705429315567017,0.5998393893241882
mp-4163,1.2198463678359985,1.0041821002960205
mp-16870,0.1172712966799736,0.09286972880363464
mp-628185,-0.05060999467968941,-0.13037794828414917
mp-2534,1.3432115316390991,1.179710030555725
mp-7765,0.38201704621315,0.39124172925949097
mp-2633,1.4750897884368896,1.482966423034668
mp-18253,0.9881128668785095,1.0814919471740723
mp-3163,0.5198280215263367,0.5088099837303162
mp-603934,0.8061800003051758,0.6205216646194458
mp-9780,-0.11350927501916885,-0.1673094630241394
mp-1078053,0.8109042644500732,0.688585102558136
mp-3626,0.9222062826156616,1.1003780364990234
mp-1133,0.40483370423316956,0.6143825650215149
mp-16763,0.17897695302963257,0.17836108803749084
mp-3043,0.4116196930408478,0.4002324938774109
mp-27515,-0.21467016637325287,-0.1359339952468872
mp-5045,-0.2676062285900116,-0.25174134969711304
mp-20250,0.892094612121582,0.8481273651123047
mp-640614,0.1613679975271225,0.20660629868507385
mp-7084,0.3443922698497772,0.404369592666626
mp-630773,-0.2596372961997986,-0.07776260375976562
mp-4899,0.510545015335083,0.4325304925441742
mp-14951,0.2718416154384613,0.30209439992904663
mp-1009813,1.4181355237960815,1.2850425243377686
mp-2998,0.7435097694396973,0.6038097143173218
mp-1104843,0.5943925380706787,0.5897110104560852
mp-505767,0.008600171655416489,-0.031040728092193604
mp-9570,0.5820633769035339,0.5245137810707092
mp-504928,0.1760912537574768,0.2137872874736786
mp-559208,0.6031443476676941,0.6510311365127563
mp-561173,0.5670263767242432,0.5126854181289673
mp-542749,-0.0969100147485733,-0.07107537984848022
mp-1190030,0.2988530695438385,0.2581648528575897
mp-2574,1.939019799232483,1.698575735092163
mp-422,2.0399293899536133,2.016928195953369
mp-8543,0.27646180987358093,0.31918174028396606
mp-540784,0.799340546131134,0.8378274440765381
mp-5342,0.8149131536483765,0.7646687626838684
mp-699208,0.587710976600647,0.5939428210258484
mp-8579,0.40140053629875183,0.24163973331451416
mp-1627,0.3304137587547302,0.38586437702178955
mp-15220,0.0,-0.004363715648651123
mp-978857,0.8808135986328125,0.8284697532653809
mp-7277,-0.07058107107877731,-0.1486760377883911
mp-8829,0.2013971209526062,0.1354033350944519
mp-8016,0.8579352498054504,0.8454283475875854
mp-3370,1.389697551727295,1.1508201360702515
mp-556870,1.2337573766708374,1.1374523639678955
mp-649479,0.16435284912586212,0.28382861614227295
mp-30239,0.29225605726242065,0.4116366505622864
mp-541378,-0.1249387338757515,-0.04193753004074097
mp-561468,0.7481880187988281,0.7906848788261414
mp-1078696,-0.026872146874666214,0.3630443215370178
mp-14591,0.1492191106081009,0.15331578254699707
mp-554310,0.21748393774032593,0.12951034307479858
mp-568469,0.8188853859901428,0.8259294629096985
mp-20042,0.24551266431808472,0.2711959779262543
mp-867219,0.879669189453125,0.6226778030395508
mp-3828,0.584331214427948,0.6251639127731323
mp-4819,0.9159272313117981,0.9983183145523071
mp-28505,0.045322977006435394,-0.051469624042510986
mp-971,0.5263392925262451,0.5371341109275818
mp-22605,0.5250447988510132,0.46665120124816895
mp-1070498,-0.14874164760112762,-0.19151443243026733
mp-560262,0.1760912537574768,0.0873112678527832
mp-733,0.6599162220954895,0.6052111387252808
mp-555676,1.181843638420105,1.2123095989227295
mp-7446,-0.036212172359228134,-0.03164374828338623
mp-1103846,0.01703333854675293,0.051990777254104614
mp-624253,-0.3979400098323822,-0.024878084659576416
mp-5168,0.9084849953651428,0.8783227801322937
mp-18642,0.5301997065544128,0.5478153824806213
mp-5837,0.8228216171264648,0.8894957304000854
mp-27554,0.15228834748268127,0.22315680980682373
mp-605485,0.5987905263900757,0.6900414824485779
mp-1002164,2.122346878051758,2.2656326293945312
mp-8117,0.012837224639952183,0.016658782958984375
mp-504650,0.4329693019390106,0.3784770369529724
mp-619279,0.4771212637424469,0.38313645124435425
mp-1204783,-0.09151498228311539,-0.17243272066116333
mp-5546,0.26481783390045166,0.33088046312332153
mp-4391,1.4336098432540894,1.5346777439117432
mp-22009,0.5158738493919373,0.4291520118713379
mp-15781,0.4424797594547272,0.3930829167366028
mp-556085,0.01703333854675293,0.01630377769470215
mp-1191234,0.19312459230422974,0.17774128913879395
mp-7087,2.1800971031188965,2.0728349685668945
mp-6498,0.9863237738609314,0.8878318071365356
mp-17173,0.8273692727088928,0.858744740486145
mp-1868,0.8779469728469849,0.7125647068023682
mp-8380,0.5728716254234314,0.6415122747421265
mp-15252,0.812244713306427,0.7449395060539246
mp-7191,0.4785664975643158,0.6920483708381653
mp-2099,0.6627578139305115,0.5901434421539307
mp-14928,0.5809249877929688,0.45433589816093445
mp-4227,0.22788670659065247,0.1802290678024292
mp-569857,0.14612802863121033,0.11166289448738098
mp-13099,1.9307453632354736,1.7711257934570312
mp-557962,0.3096301555633545,0.30788978934288025
mp-2853,1.5509617328643799,1.4794185161590576
mp-553970,-0.102372907102108,-0.16454726457595825
mp-542613,0.04139268398284912,-0.1642838716506958
mp-5055,0.4216039180755615,0.39495718479156494
mp-5924,1.3953263759613037,1.371431827545166
mp-5342,0.812244713306427,0.7646687626838684
mp-4255,0.4698220193386078,0.3439309298992157
mp-5837,0.918030321598053,0.8894957304000854
mp-17980,0.04139268398284912,0.06286489963531494
mp-9911,0.2095150202512741,0.03562289476394653
mp-1020721,0.6608654856681824,1.002181053161621
mp-558629,0.4502491056919098,0.46378791332244873
mp-582767,0.4471580386161804,0.3445221185684204
mp-4190,1.4807254076004028,1.122053861618042
mp-4194,0.9469432830810547,0.9654207825660706
mp-22811,0.6720978617668152,0.5906749367713928
mp-22811,0.6748611330986023,0.5906749367713928
mp-1103996,0.045322977006435394,0.03519648313522339
mp-30249,0.4082399606704712,0.4473520517349243
mp-867823,-0.102372907102108,-0.09419292211532593
mp-3792,1.0588054656982422,1.027968168258667
mp-541106,-0.3979400098323822,-0.2353804111480713
mp-8187,0.6424645185470581,0.45750072598457336
mp-29920,-0.08618614822626114,-0.1297406554222107
mp-2979,1.493736743927002,1.4860552549362183
mp-6094,1.160468578338623,0.8740133047103882
mp-3497,1.008174180984497,0.96613609790802
mp-7500,0.630427896976471,0.6862258315086365
mp-226,0.6954816579818726,0.7459678053855896
mp-558426,-0.07572071254253387,-0.1211966872215271
mp-17872,0.13987909257411957,0.16282150149345398
mp-5193,0.6344772577285767,0.4947469234466553
mp-6930,0.863917350769043,0.7787896990776062
mp-10802,-0.07572071254253387,-0.047126829624176025
mp-568036,0.8182259202003479,0.9224578142166138
mp-11607,2.123328924179077,2.029736280441284
mp-4756,0.7118072509765625,0.6983398199081421
mp-18502,0.675778329372406,0.7766441702842712
mp-5827,0.8842287659645081,0.8547195196151733
mp-568638,0.36921584606170654,0.3347586691379547
mp-28591,0.1583624929189682,0.19443657994270325
mp-9306,0.8591383099555969,0.776323139667511
mp-540771,0.5118833780288696,0.4278426468372345
mp-9948,0.1303337663412094,0.08892509341239929
mp-541937,0.2944662272930145,0.0916130542755127
mp-2920,0.7788744568824768,0.7964807748794556
mp-558055,0.5171958804130554,0.37746018171310425
mp-3762,0.5563024878501892,0.5337427258491516
mp-3349,0.6354837417602539,0.7119046449661255
mp-18635,0.761175811290741,0.6305830478668213
mp-7077,-0.15490196645259857,-0.16650044918060303
mp-1190533,0.8756399154663086,1.1091022491455078
mp-1002124,1.8238002061843872,1.9391906261444092
mp-741,0.9503648281097412,0.9552022218704224
mp-9755,1.3479151725769043,1.1958653926849365
mp-28079,0.3521825075149536,0.37427860498428345
mp-3834,0.6324573159217834,0.6217187643051147
mp-10973,0.3424226939678192,0.4124697744846344
mp-18867,0.2504200041294098,0.1811468005180359
mp-7048,1.8557008504867554,1.6558001041412354
mp-18577,0.04139268398284912,0.08464321494102478
mp-21893,0.26245108246803284,0.24846866726875305
mp-9900,0.8000293374061584,0.5536384582519531
mp-1068941,0.19033169746398926,0.21575891971588135
mp-561434,-0.045757491141557693,-0.09433794021606445
mp-1103966,0.230448916554451,0.17426449060440063
mp-21410,0.8068580031394958,0.8062562942504883
mp-1095694,0.7551122903823853,0.7324124574661255
mp-15120,-0.130768284201622,-0.05383342504501343
mp-17698,-0.036212172359228134,-0.04588800668716431
mp-16031,0.9777235984802246,1.0834808349609375
mp-5014,0.09342168271541595,0.33263880014419556
mp-18483,0.2405492514371872,0.11473062634468079
mp-5342,0.8162413239479065,0.7646687626838684
mp-18309,0.2405492514371872,0.1532619595527649
mp-22356,0.5185139179229736,0.4068343937397003
mp-19885,-0.508638322353363,-0.1704118847846985
mp-558200,1.1950689554214478,0.9935430288314819
mp-3647,0.7965743541717529,0.7452473640441895
mp-370,0.8926510214805603,0.810181736946106
mp-15572,0.318063348531723,0.37825506925582886
mp-18079,0.307496041059494,0.36347419023513794
mp-13178,1.8226256370544434,1.8523063659667969
mp-1188662,0.1430148035287857,0.16436553001403809
mp-2384,1.0297894477844238,1.0342819690704346
mp-21511,0.1303337663412094,0.16431522369384766
mp-7436,-0.004364805296063423,0.050539642572402954
mp-1106381,0.1492191106081009,0.18255385756492615
mp-1191223,-0.045757491141557693,-0.05493348836898804
mp-3338,0.802089273929596,0.7838471531867981
mp-3707,1.2929203510284424,1.1341087818145752
mp-620346,0.07554696500301361,0.1727263629436493
mp-10044,1.9627480506896973,2.6639649868011475
mp-8276,0.6785183548927307,0.40783199667930603
mp-13109,1.089198350906372,1.090289831161499
mp-1103996,0.045322977006435394,0.03519648313522339
mp-865606,-0.14874164760112762,-0.14756786823272705
mp-17730,0.6117233037948608,0.4339047372341156
mp-10166,0.1613679975271225,0.17229142785072327
mp-5962,0.6599162220954895,0.4950960874557495
mp-22053,0.9818186163902283,0.8839212656021118
mp-8882,1.3843533992767334,1.7124338150024414
mp-5280,1.3334472179412842,0.8940553069114685
mp-1009087,1.1000257730484009,1.3313968181610107
mp-9063,-0.10790539532899857,0.008930444717407227
mp-7771,0.38201704621315,0.476635605096817
mp-1513,0.38201704621315,0.45212796330451965
mp-6564,0.5786392092704773,0.7093489170074463
mp-1019089,0.1492191106081009,0.19056949019432068
mp-17914,1.1199153661727905,1.1759791374206543
mp-1079772,0.49831056594848633,0.5413802862167358
mp-17392,0.7363964915275574,0.6294792890548706
mp-3497,1.005609393119812,0.96613609790802
mp-29373,0.012837224639952183,0.0749121606349945
mp-1243,1.2180100679397583,1.0476040840148926
mp-571016,-0.055517327040433884,-0.0838366150856018
mp-943,0.8312296867370605,0.8321486115455627
mp-604914,0.6910814642906189,0.6208740472793579
mp-3451,0.22788670659065247,0.11962807178497314
mp-29289,0.3729119896888733,0.3545798063278198
mp-267,0.9132838845252991,0.7812206745147705
mp-7090,0.22788670659065247,0.26676857471466064
mp-27749,0.045322977006435394,-0.04324829578399658
mp-7258,0.3424226939678192,0.2654420733451843
mp-17464,0.7143297791481018,0.6258761286735535
mp-30949,0.5289167165756226,0.4007032513618469
mp-963,2.7917118072509766,2.1599512100219727
mp-553991,1.206286072731018,1.2111525535583496
mp-8453,0.1731862723827362,0.2614770531654358
mp-753,0.4082399606704712,0.43880534172058105
mp-28230,-0.2218487560749054,-0.2179204821586609
mp-14795,0.10720997303724289,0.08336040377616882
mp-562480,0.2095150202512741,0.15552228689193726
mp-640553,0.675778329372406,0.731956958770752
mp-5238,0.9982593655586243,0.9761953949928284
mp-624190,-0.102372907102108,-0.16627854108810425
mp-6984,0.07554696500301361,0.014070749282836914
mp-1103852,2.9967129230499268,3.543452024459839
mp-4697,0.5682017207145691,0.566813588142395
mp-28922,1.5720579624176025,1.473785161972046
mp-1106381,0.1492191106081009,0.18255385756492615
mp-7129,0.1846914291381836,-0.015799760818481445
mp-5055,0.4166405200958252,0.39495718479156494
mp-4182,1.4012281894683838,1.460092306137085
mp-29484,-0.036212172359228134,-0.008599936962127686
mp-13031,1.3773062229156494,1.1996355056762695
mp-21855,0.3263358473777771,0.42872175574302673
mp-15724,-0.022276394069194794,0.011316776275634766
mp-4979,1.1373541355133057,1.1492919921875
mp-1868,0.8767949938774109,0.7125647068023682
mp-7444,-0.15490196645259857,-0.1812916398048401
mp-5639,1.3398487567901611,1.152282953262329
mp-471,0.8202014565467834,0.8498021364212036
mp-21299,0.7923917174339294,0.8745763897895813
mp-12181,0.08990511298179626,0.255657821893692
mp-644103,1.0733517408370972,1.049999475479126
mp-11719,0.1613679975271225,0.12637072801589966
mp-21459,0.5037906765937805,0.5170394778251648
mp-5052,1.1906118392944336,1.138688564300537
mp-571164,-0.0969100147485733,-0.22947770357131958
mp-18685,0.42488163709640503,0.47760075330734253
mp-2310,0.7839035987854004,0.8573747277259827
mp-19833,0.7058637142181396,0.5726173520088196
mp-3978,0.49554434418678284,0.6656084060668945
mp-17980,0.07188200950622559,0.06286489963531494
mp-1191072,0.12710480391979218,-0.08877134323120117
mp-6227,1.1055102348327637,0.871462345123291
mp-5238,0.9995654821395874,0.9761953949928284
mp-5020,0.5705429315567017,0.4786819517612457
mp-558110,-0.5850266814231873,-0.5488609671592712
mp-4530,1.1723109483718872,0.9050188064575195
mp-6228,0.9712758660316467,0.8021316528320312
mp-558362,0.7528164386749268,0.905774712562561
mp-9993,0.8469552993774414,0.850590705871582
mp-1188220,0.5514500141143799,0.6968168020248413
mp-20162,0.5276299118995667,0.6804407835006714
mp-1080080,1.0051804780960083,0.822769284248352
mp-5546,0.22271646559238434,0.33088046312332153
mp-17747,0.5185139179229736,0.4475056827068329
mp-15622,-0.4948500096797943,-0.4130469560623169
mp-5131,0.2041199803352356,0.2646711468696594
mp-4979,1.1367205381393433,1.1492919921875
mp-402,0.8215135335922241,0.9478425979614258
mp-3463,1.130976676940918,1.0802932977676392
mp-5096,1.37675940990448,1.0644760131835938
mp-9107,0.36735591292381287,0.3556629419326782
mp-541687,0.004321373999118805,0.007295191287994385
mp-1186,-0.6020600199699402,-0.5205780863761902
mp-384,0.9420080780982971,1.1017060279846191
mp-8017,0.668385922908783,0.6786202192306519
mp-22638,0.4857214391231537,0.4828900098800659
mp-10165,-0.04095860943198204,-0.1533084511756897
mp-8279,0.4771212637424469,0.5943546295166016
mp-3175,0.8567289113998413,0.8942947387695312
mp-6181,-0.4685210883617401,0.16867667436599731
mp-31060,0.07188200950622559,0.08773773908615112
mp-2784,0.2405492514371872,0.1660003364086151
mp-28926,0.506505012512207,0.5051968693733215
mp-1707,0.4424797594547272,0.27892017364501953
mp-5827,0.9344984292984009,0.8547195196151733
mp-7650,0.6074550151824951,0.6273199319839478
mp-3762,0.5490032434463501,0.5337427258491516
mp-1001826,2.2529985904693604,2.6559247970581055
mp-560386,0.318063348531723,0.3072543740272522
mp-1104194,0.15228834748268127,0.4157807230949402
mp-13641,1.0546131134033203,1.0217492580413818
mp-4194,0.9247959852218628,0.9654207825660706
mp-7956,0.07188200950622559,0.12879115343093872
mp-13872,0.5526682138442993,0.41719093918800354
mp-1095493,0.44870632886886597,0.34647101163864136
mp-16364,0.8082109689712524,0.9221636652946472
mp-3017,0.22010809183120728,0.2895551919937134
mp-18115,-0.036212172359228134,-0.018968701362609863
mp-9003,-0.036212172359228134,-0.1096494197845459
mp-22512,0.7902851700782776,0.8213659524917603
mp-1192189,0.8668777942657471,1.280806541442871
mp-12908,0.5132176280021667,0.3750433325767517
mp-708,0.9390197992324829,0.8800710439682007
mp-644883,0.14612802863121033,0.24185317754745483
mp-2874,1.5021538734436035,1.3497867584228516
mp-8900,0.07554696500301361,0.002239823341369629
mp-7534,0.5415792465209961,0.3163403272628784
mp-16904,0.02118929848074913,0.04788321256637573
mp-1747,0.08635982871055603,0.02123129367828369
mp-2885,0.8027737140655518,0.925834059715271
mp-1190981,0.3404441177845001,0.3439199924468994
mp-3094,0.8363240957260132,0.8687993288040161
mp-4959,0.7817553877830505,0.9440280199050903
mp-15998,0.08278536796569824,0.1588611900806427
mp-22587,0.39093509316444397,0.18940716981887817
mp-569813,0.1492191106081009,0.2741255462169647
mp-545359,0.5453070998191833,0.5170272588729858
mp-1018040,1.0622057914733887,1.1870253086090088
mp-5481,0.4232458770275116,0.4427525997161865
mp-1222,0.8129133582115173,0.8641448020935059
mp-20758,1.1869562864303589,1.197394847869873
mp-226,0.6928468942642212,0.7459678053855896
mp-18148,0.06818585842847824,-0.011201977729797363
mp-582767,0.40483370423316956,0.3445221185684204
mp-7220,0.521138072013855,0.5491257309913635
mp-29829,0.2855572998523712,0.22301602363586426
mp-555818,0.3304137587547302,0.38053181767463684
mp-2517,0.5658478140830994,0.47533118724823
mp-20289,0.5145477652549744,0.47398293018341064
mp-8931,-0.055517327040433884,-0.08967483043670654
mp-546794,0.7558748722076416,0.5966452956199646
mp-554921,0.0791812464594841,0.039814651012420654
mp-972808,0.38916608691215515,0.584132730960846
mp-17597,0.5954962372779846,0.5351451635360718
mp-558603,0.2718416154384613,0.4345731735229492
mp-1627,0.3404441177845001,0.38586437702178955
mp-4309,0.14612802863121033,0.09974250197410583
mp-12178,0.3560258448123932,0.5402936935424805
mp-799,0.5118833780288696,0.729435920715332
mp-11342,-0.8239087462425232,-0.5014461874961853
mp-553432,1.1961761713027954,1.1722276210784912
mp-1047,0.9143431782722473,0.8868023157119751
mp-10952,0.8202014565467834,0.7878826856613159
mp-1087540,0.5976951718330383,0.5435835719108582
mp-2242,0.23804610967636108,0.28768160939216614
mp-11658,0.5538830161094666,0.609553337097168
mp-10044,1.9627480506896973,2.6639649868011475
mp-31086,0.648360013961792,0.6823619604110718
mp-558536,-0.045757491141557693,-0.06279611587524414
mp-4338,0.7626785635948181,0.7610901594161987
mp-4255,0.4698220193386078,0.3439309298992157
mp-540703,-0.102372907102108,-0.15826433897018433
mp-568018,-0.055517327040433884,-0.15908974409103394
mp-3536,1.3624824285507202,1.3910698890686035
mp-13033,1.1055102348327637,1.0834338665008545
mp-226,0.7134905457496643,0.7459678053855896
mp-22323,1.5488805770874023,1.187488317489624
mp-6685,0.9132838845252991,0.8794336915016174
mp-28712,0.22010809183120728,0.19425305724143982
mp-2624,1.7743709087371826,2.028402090072632
mp-1078160,0.48855072259902954,0.27348271012306213
mp-5782,0.9289076924324036,0.9117023348808289
mp-1205354,0.3483048677444458,0.21462330222129822
mp-10167,0.4232458770275116,0.2154269516468048
mp-7863,0.012837224639952183,0.11368146538734436
mp-22745,0.28780174255371094,0.347564697265625
mp-17394,0.6503075361251831,0.7296512126922607
mp-554868,1.2655253410339355,1.067948579788208
mp-15214,0.05307844281196594,-0.06717073917388916
mp-15999,0.3502480089664459,0.2770896255970001
mp-2231,0.39269694685935974,0.38166409730911255
mp-358,-0.2924298346042633,-0.30647146701812744
mp-7897,0.5477747321128845,0.3461156487464905
mp-5860,0.2013971209526062,0.11974072456359863
mp-29624,-0.2518119812011719,0.004265546798706055
mp-4180,0.8836614489555359,0.8673514127731323
mp-7275,0.33243846893310547,0.2364450991153717
mp-3595,0.9576072692871094,0.829186201095581
mp-505187,0.11394335329532623,0.2390100359916687
mp-20042,0.16731733083724976,0.2711959779262543
mp-2030,1.092018485069275,1.1032781600952148
mp-1205388,-0.022276394069194794,-0.0558849573135376
mp-1103685,-0.045757491141557693,-0.06788486242294312
mp-29829,0.2855572998523712,0.22301602363586426
mp-15567,0.14612802863121033,0.16979840397834778
mp-15011,0.2405492514371872,0.2838346064090729
mp-2114,1.4916417598724365,1.368503212928772
mp-5693,0.7234556674957275,0.671495795249939
mp-866298,0.5682017207145691,0.5049811601638794
mp-568867,1.6193020343780518,1.8713197708129883
mp-4452,0.863917350769043,0.7982310056686401
mp-19932,0.045322977006435394,-0.16256439685821533
mp-9711,0.7881683707237244,1.2128441333770752
mp-867884,0.13353890180587769,-0.0180739164352417
mp-15973,0.6580113768577576,0.7032489776611328
mp-9920,-0.3010300099849701,-0.21713846921920776
mp-1104129,0.1731862723827362,0.1491047441959381
mp-7773,0.06069783866405487,0.10536566376686096
mp-983565,1.0937718152999878,1.1051619052886963
mp-13872,0.48855072259902954,0.41719093918800354
mp-7940,0.31175386905670166,0.1906593143939972
mp-555370,0.5502283573150635,0.4150703549385071
mp-568293,0.7347998023033142,0.7823513746261597
mp-8960,0.3873898386955261,0.40569573640823364
mp-2065,1.1728947162628174,1.178146481513977
mp-226,0.6946051716804504,0.7459678053855896
mp-7435,0.10380372405052185,0.049494773149490356
mp-9635,0.5538830161094666,0.7137738466262817
mp-1192773,0.7831887006759644,0.5313379764556885
mp-21019,0.8241258263587952,0.8252898454666138
mp-29354,0.1583624929189682,0.09728944301605225
mp-571281,1.5983526706695557,1.897869348526001
mp-21892,0.853698194026947,0.8870342969894409
mp-6606,0.7543483376502991,0.9888221025466919
mp-540688,0.5854607224464417,0.8748296499252319
mp-560588,1.2839792966842651,1.2028799057006836
mp-2201,0.2966651916503906,0.45656025409698486
mp-13108,0.9169800281524658,0.8326759338378906
mp-1190545,0.5987905263900757,0.4961630702018738
mp-9273,-0.1674910932779312,-0.110526442527771
mp-29036,0.3979400098323822,0.39095592498779297
mp-29341,-0.08618614822626114,-0.10097169876098633
mp-10963,0.3010300099849701,0.41507241129875183
mp-5238,0.9982593655586243,0.9761953949928284
mp-22736,0.8830933570861816,0.8266271948814392
mp-6960,-0.03151705116033554,-0.05882978439331055
mp-7607,1.4372748136520386,1.3456721305847168
mp-1397,-0.08618614822626114,-0.13451606035232544
mp-1078944,0.7664128541946411,0.7099353671073914
mp-30533,0.04921802133321762,0.09266394376754761
mp-10224,0.7218106389045715,0.7318588495254517
mp-545488,1.0285712480545044,0.960419237613678
mp-6548,0.5820633769035339,0.742256224155426
mp-558636,1.058426022529602,1.0883030891418457
mp-3978,0.5465426445007324,0.6656084060668945
mp-556667,1.3346548080444336,1.1374273300170898
mp-27931,-0.013228265568614006,0.10164901614189148
mp-5342,0.8149131536483765,0.7646687626838684
mp-1102743,0.7419390678405762,0.6019365787506104
mp-401,0.5865873098373413,0.5261042714118958
mp-18288,0.6324573159217834,0.7577705383300781
mp-6408,0.9822712540626526,0.8875398635864258
mp-6406,0.9885589480400085,0.9098422527313232
mp-9062,0.045322977006435394,0.06207185983657837
mp-3835,0.40483370423316956,0.3132224678993225
mp-1253,0.5010592341423035,0.4111456274986267
mp-12981,1.5032458305358887,1.4593307971954346
mp-7440,0.3242824673652649,0.3741909861564636
mp-3762,0.5599066019058228,0.5337427258491516
mp-562726,-0.1426675021648407,-0.043289244174957275
mp-2030,1.092018485069275,1.1032781600952148
mp-1192773,0.49415460228919983,0.5313379764556885
mp-19037,0.35410845279693604,0.2129819393157959
mp-18246,-0.013228265568614006,-0.054991185665130615
mp-621945,0.8375884294509888,0.8134050369262695
mp-568172,0.732393741607666,0.8127537965774536
mp-1103510,0.5118833780288696,0.4888020157814026
mp-568543,-0.045757491141557693,-0.050249338150024414
mp-1192025,0.36921584606170654,0.4604400396347046
mp-8683,0.06818585842847824,0.06393447518348694
mp-581833,0.0969100147485733,0.15813282132148743
mp-28261,0.41497334837913513,0.47600099444389343
mp-554278,1.9564086198806763,1.3325741291046143
mp-1106227,0.3443922698497772,0.3677549958229065
mp-4086,1.3016809225082397,1.0998620986938477
mp-634,-0.3467874825000763,-0.3934352993965149
mp-8727,0.3304137587547302,0.4744092524051666
mp-541997,0.02118929848074913,0.017078042030334473
mp-3872,0.6901960968971252,0.6949894428253174
mp-14794,0.22271646559238434,0.23583120107650757
mp-861618,-0.008773923851549625,0.05052939057350159
mp-18458,0.2718416154384613,0.34119439125061035
mp-27424,0.27646180987358093,0.2932525873184204
mp-11108,0.506505012512207,0.6059073805809021
mp-3762,0.5538830161094666,0.5337427258491516
mp-12787,0.3404441177845001,0.6975264549255371
mp-22914,1.1264561414718628,1.0980117321014404
mp-541686,0.1303337663412094,0.1586647927761078
mp-16613,1.2755416631698608,1.1522510051727295
mp-570668,0.2833012342453003,0.36230120062828064
mp-560527,0.8162413239479065,0.9652337431907654
mp-19896,0.399673730134964,0.4100690484046936
mp-18851,0.805500864982605,0.8192421793937683
mp-5058,0.8819549679756165,0.7655689120292664
mp-504646,0.2013971209526062,0.20917969942092896
mp-559144,0.004321373999118805,0.09644362330436707
mp-22611,0.7109631299972534,0.6720451712608337
mp-697670,0.6493348479270935,0.5160278677940369
mp-1513,0.3802112340927124,0.45212796330451965
mp-1106,0.2718416154384613,0.3258604407310486
mp-541430,0.1492191106081009,0.1575189232826233
mp-2898,0.5763413310050964,0.5983782410621643
mp-28853,0.5514500141143799,0.6120103001594543
mp-560370,0.0969100147485733,0.08735361695289612
mp-19833,0.7041504979133606,0.5726173520088196
mp-8716,0.0791812464594841,-0.0002662539482116699
mp-2131,0.5158738493919373,0.5547589659690857
mp-13134,0.7803173065185547,0.9121054410934448
mp-9318,0.1172712966799736,0.06812205910682678
mp-1197203,0.4132997691631317,0.591532826423645
mp-8884,0.812244713306427,0.7865318059921265
mp-390,1.8345478773117065,1.5216176509857178
mp-3762,0.5599066019058228,0.5337427258491516
mp-2809,-0.026872146874666214,-0.1283811330795288
mp-4481,0.8082109689712524,0.9565500020980835
mp-14634,-0.022276394069194794,-0.059109628200531006
mp-7986,0.7259116172790527,0.7511010766029358
mp-5414,0.2095150202512741,0.11347505450248718
mp-10952,0.8202014565467834,0.7878826856613159
mp-573145,0.02938377857208252,-0.16680186986923218
mp-15703,2.1777384281158447,1.897085428237915
mp-17667,0.1430148035287857,0.2406700849533081
mp-6678,-0.130768284201622,-0.1051720380783081
mp-22913,0.9532763361930847,0.9801421761512756
mp-4227,0.230448916554451,0.1802290678024292
mp-7657,-0.04095860943198204,-0.09788280725479126
mp-226,0.6946051716804504,0.7459678053855896
mp-8098,1.2692793607711792,1.0660839080810547
mp-1345,0.6928468942642212,0.7160266637802124
mp-7945,0.680335521697998,0.6405866146087646
mp-22633,0.19589965045452118,0.24102893471717834
mp-3813,0.80955970287323,0.4714341163635254
mp-10913,1.796088457107544,1.5665779113769531
mp-458,1.380573034286499,1.1486530303955078
mp-4953,0.7032913565635681,0.6572825312614441
mp-3917,0.6170003414154053,0.6884220838546753
mp-1105620,0.7067177891731262,0.6440028548240662
mp-9413,0.8959747552871704,0.7795733213424683
mp-15222,-0.08618614822626114,-0.15997451543807983
mp-17207,-0.20065945386886597,-0.19028311967849731
mp-4030,-0.14874164760112762,-0.18773752450942993
mp-15788,0.5910646319389343,0.5724493265151978
mp-4287,1.013258695602417,1.009230375289917
mp-3707,0.9527924656867981,1.1341087818145752
mp-1477,0.15533603727817535,0.12138170003890991
mp-562490,0.8767949938774109,0.5699543356895447
mp-1009746,1.8505849838256836,1.8558740615844727
mp-2693,0.5998830795288086,0.5462047457695007
mp-4194,0.9415114521980286,0.9654207825660706
mp-22230,0.8014037013053894,0.8435467481613159
mp-409,0.3201462924480438,0.41871190071105957
mp-5342,0.812244713306427,0.7646687626838684
mp-546007,0.9556877613067627,0.9258604049682617
mp-4338,0.7626785635948181,0.7610901594161987
mp-20474,0.7419390678405762,0.8118927478790283
mp-29975,0.1583624929189682,0.18143463134765625
mp-1104062,0.1846914291381836,0.2985402047634125
mp-11115,-0.026872146874666214,0.028014957904815674
mp-10955,0.2944662272930145,0.15679964423179626
mp-8347,0.38201704621315,0.3683360815048218
mp-4979,1.1373541355133057,1.1492919921875
mp-256,1.247727870941162,1.1934096813201904
mp-4551,0.5943925380706787,0.8109847903251648
mp-27532,-0.0969100147485733,-0.01990574598312378
mp-608823,-0.20760831236839294,0.003788173198699951
mp-19722,0.9003671407699585,0.913733959197998
mp-2352,0.8382192254066467,0.826659083366394
mp-14588,0.0791812464594841,0.0170324444770813
mp-28743,0.025305865332484245,0.020030856132507324
mp-541998,0.07188200950622559,0.04612267017364502
mp-4651,0.879669189453125,0.720538854598999
mp-8017,0.668385922908783,0.6786202192306519
mp-995191,1.0633333921432495,0.8626197576522827
mp-1101755,0.7686380743980408,0.6699080467224121
mp-10760,0.9068735241889954,0.7149966955184937
mp-20079,0.6599162220954895,0.7211859226226807
mp-9200,-0.07058107107877731,-0.08150970935821533
mp-28365,0.4857214391231537,0.34798377752304077
mp-1683,-0.3979400098323822,-0.10509014129638672
mp-29035,0.4099331200122833,0.4544660151004791
mp-13949,0.453318327665329,0.35273808240890503
mp-3397,0.3979400098323822,0.5314919352531433
mp-29410,0.399673730134964,0.38036292791366577
mp-605485,0.5965970754623413,0.6900414824485779
mp-557142,1.0553783178329468,1.1205284595489502
mp-21705,0.06069783866405487,-0.07483112812042236
mp-553942,0.07554696500301361,0.3318023383617401
mp-19803,0.8609366416931152,0.9436361789703369
mp-4009,0.21484385430812836,0.297006756067276
mp-608014,0.1583624929189682,0.27058079838752747
mp-4338,0.7626785635948181,0.7610901594161987
mp-5449,0.8756399154663086,1.0878994464874268
mp-2833,0.6910814642906189,0.7523102760314941
mp-1078498,0.6354837417602539,0.6756983399391174
mp-9680,0.008600171655416489,0.045520663261413574
mp-9145,-0.16115090250968933,-0.2325679063796997
mp-638033,0.9370161294937134,0.9777691960334778
mp-3359,0.9047155380249023,0.7498577833175659
mp-1188392,0.44870632886886597,0.46682849526405334
mp-3529,0.15228834748268127,0.06033417582511902
mp-866692,0.4969296455383301,0.3632332682609558
mp-29131,0.6901960968971252,0.6898332238197327
mp-1020609,0.9740508794784546,1.1155198812484741
mp-2065,1.1740597486495972,1.178146481513977
mp-11661,1.5801262855529785,1.540926218032837
mp-18008,0.1702617108821869,0.11671268939971924
mp-4056,0.8457180261611938,0.973131000995636
mp-17825,0.606381356716156,0.6337431073188782
mp-6465,1.0542298555374146,1.0057504177093506
mp-4194,0.9523079991340637,0.9654207825660706
mp-2507,-0.5376020073890686,-0.5778670907020569
mp-226,0.7134905457496643,0.7459678053855896
mp-540788,0.025305865332484245,0.3516300618648529
mp-571046,0.5670263767242432,0.6964572668075562
mp-14635,-0.08618614822626114,-0.144944965839386
mp-3930,0.8432327508926392,0.8162523508071899
mp-2156,-0.5376020073890686,-0.5570241808891296
mp-5238,0.9982593655586243,0.9761953949928284
mp-4139,0.7505083680152893,0.5841497182846069
mp-558411,0.9132838845252991,1.1066505908966064
mp-4338,0.7626785635948181,0.7610901594161987
mp-3451,0.12057393044233322,0.11962807178497314
mp-20782,0.2855572998523712,0.29782694578170776
mp-29977,0.04139268398284912,0.03339570760726929
mp-8725,-0.06550154834985733,-0.3092307448387146
mp-17186,0.3263358473777771,0.4279302954673767
mp-5213,0.8469552993774414,0.9033165574073792
mp-1095275,-0.45593196153640747,-0.3064921498298645
mp-15751,0.5809249877929688,0.5870710611343384
mp-4578,0.3502480089664459,0.30254673957824707
mp-11012,0.2944662272930145,0.2923851013183594
mp-9984,-0.07058107107877731,-0.49574369192123413
mp-571383,0.4814426302909851,0.37386900186538696
mp-4756,0.7118072509765625,0.6983398199081421
mp-1025500,0.9164539575576782,0.7569938898086548
mp-3788,1.236537218093872,1.1947638988494873
mp-19159,0.5263392925262451,0.44199246168136597
mp-2956,0.8014037013053894,0.7562342286109924
mp-5238,0.9982593655586243,0.9761953949928284
mp-17791,0.2944662272930145,0.28297126293182373
mp-556118,0.23552845418453217,0.18502026796340942
mp-4979,1.1367205381393433,1.1492919921875
mp-560767,0.6074550151824951,0.5774900913238525
mp-1078049,1.0986437797546387,0.9938286542892456
mp-1104677,0.44560420513153076,0.6023547649383545
mp-5238,0.9995654821395874,0.9761953949928284
mp-14433,1.2835273742675781,0.9853675365447998
mp-20088,0.36361196637153625,0.5061312317848206
mp-861606,-0.017728766426444054,-0.023922085762023926
mp-28035,0.1492191106081009,0.6481130719184875
mp-9687,-0.022276394069194794,0.01293325424194336
mp-8188,0.8579352498054504,0.7636784911155701
mp-1080073,0.9074113368988037,0.6926072835922241
mp-20554,0.5502283573150635,0.5304462313652039
mp-1189879,0.6839471459388733,0.5744233131408691
mp-7219,0.22788670659065247,0.2367459535598755
mp-1078069,0.5563024878501892,0.7149163484573364
mp-4907,0.2095150202512741,0.19391122460365295
mp-9361,0.39269694685935974,0.3764778673648834
mp-14091,0.7101173400878906,0.7707253694534302
mp-9266,0.4166405200958252,0.40507572889328003
mp-2885,1.132259726524353,0.925834059715271
mp-4747,0.83250892162323,0.9944705367088318
mp-1101756,2.02999210357666,1.7557082176208496
mp-3595,0.963315486907959,0.829186201095581
mp-4899,0.460897833108902,0.4325304925441742
mp-20499,0.8438554406166077,0.7573323249816895
mp-6793,0.521138072013855,0.5985831022262573
mp-2589,1.1696743965148926,1.112950086593628
mp-29301,0.16435284912586212,0.24963420629501343
mp-1340,0.49276039004325867,0.16178035736083984
mp-3378,1.1752218008041382,1.0709497928619385
mp-9480,0.49415460228919983,0.511788547039032
mp-558085,0.3598354756832123,0.4673005938529968
mp-557691,0.7543483376502991,0.7523887753486633
mp-28978,0.19033169746398926,0.1805630624294281
mp-20256,0.12057393044233322,0.15919530391693115
mp-11114,0.012837224639952183,0.05605402588844299
mp-18217,0.06818585842847824,0.024298369884490967
mp-3159,0.7788744568824768,0.7661059498786926
mp-616476,0.8221680521965027,0.6567842960357666
mp-1068813,0.3344537615776062,0.07279199361801147
mp-1101801,0.2787536084651947,0.2655920386314392
mp-568968,-0.07572071254253387,-0.10866063833236694
mp-28701,-0.2924298346042633,-0.42179208993911743
mp-4008,0.805500864982605,0.84751296043396
mp-559928,1.6089537143707275,1.557445764541626
mp-31273,0.3783979117870331,0.4324479103088379
mp-9566,0.406540185213089,0.4740089774131775
mp-8016,0.860338032245636,0.8454283475875854
mp-5621,0.4771212637424469,0.3422034978866577
mp-21409,-0.6020600199699402,-0.17933595180511475
mp-1069706,0.06069783866405487,0.05408880114555359
mp-1868,0.7250944972038269,0.7125647068023682
mp-17785,0.5224442481994629,0.5243374705314636
mp-4405,-0.1191864088177681,-0.15495014190673828
mp-557401,0.4771212637424469,0.502951443195343
mp-563025,0.6646419763565063,0.5285753011703491
mp-277,1.0253058671951294,1.128364086151123
mp-2330,0.3242824673652649,0.025433838367462158
mp-3497,1.0068937540054321,0.96613609790802
mp-8818,1.064083456993103,0.8774052858352661
mp-4979,1.1367205381393433,1.1492919921875
mp-17063,0.05690485239028931,0.16690313816070557
mp-1105,0.506505012512207,0.4374876916408539
mp-2400,0.3010300099849701,0.35861122608184814
mp-560417,0.5705429315567017,0.8753799200057983
mp-559238,0.17897695302963257,0.12430736422538757
mp-1018804,0.8597385883331299,0.8676402568817139
mp-4338,0.7626785635948181,0.7610901594161987
mp-21459,0.5024271011352539,0.5170394778251648
mp-16338,0.1760912537574768,0.30097126960754395
mp-559691,1.2652896642684937,0.9535715579986572
mp-1001021,0.4969296455383301,0.4285423159599304
mp-22375,0.7007037401199341,0.3987833857536316
mp-1078292,0.8488047122955322,0.7543341517448425
mp-4182,1.398287296295166,1.460092306137085
mp-623030,0.13987909257411957,-0.03280681371688843
mp-650513,0.3424226939678192,0.3228752613067627
mp-1071288,-0.0969100147485733,-0.10984188318252563
mp-545719,1.2837533950805664,0.8996750116348267
mp-7944,0.02938377857208252,-0.026550471782684326
mp-559747,0.9439888596534729,0.9789180755615234
mp-557837,0.27646180987358093,0.637042760848999
mp-14883,0.3443922698497772,0.3819458782672882
mp-3075,-0.1426675021648407,-0.15954983234405518
mp-29139,0.004321373999118805,-0.07165342569351196
mp-2961,1.3510228395462036,1.1565842628479004
mp-555018,0.1613679975271225,0.13932156562805176
mp-562100,-0.3187587559223175,-0.2018410563468933
mp-239,0.3283796012401581,0.21113434433937073
mp-22328,0.2576785683631897,0.26149752736091614
mp-21019,0.8567289113998413,0.8252898454666138
mp-3926,0.19033169746398926,0.3543839454650879
mp-1084770,-0.20760831236839294,-0.2629085183143616
mp-568661,0.4668676257133484,0.35102760791778564
mp-558407,0.3961993455886841,0.33257946372032166
mp-1193099,0.26481783390045166,0.31593841314315796
mp-556003,1.3619166612625122,1.0820577144622803
mp-1191872,0.4668676257133484,0.4175821542739868
mp-1104167,0.4265112578868866,0.32040685415267944
mp-5928,1.0051804780960083,0.8877583742141724
mp-608439,0.04139268398284912,0.04370230436325073
mp-567177,-0.15490196645259857,-0.17792797088623047
mp-22736,0.8847953677177429,0.8266271948814392
mp-17155,0.2479732632637024,0.09388214349746704
mp-21410,0.6637009382247925,0.8062562942504883
mp-971837,0.49831056594848633,0.5354548096656799
mp-9322,-0.036212172359228134,-0.13045382499694824
mp-19833,0.7032913565635681,0.5726173520088196
mp-10428,0.3443922698497772,0.2489151656627655
mp-972,0.8656960725784302,0.8600109815597534
mp-556916,0.8149131536483765,0.8790555000305176
mp-20352,1.0174506902694702,0.6964100003242493
mp-10680,0.23804610967636108,0.2581687271595001
mp-10097,0.18752072751522064,0.21853771805763245
mp-11131,0.01703333854675293,0.012601077556610107
mp-9258,1.8911470174789429,1.7696785926818848
mp-542200,0.5314789414405823,0.5666698217391968
mp-16911,-0.0969100147485733,-0.08040100336074829
mp-1104141,0.16435284912586212,0.11582884192466736
mp-2574,1.9397188425064087,1.698575735092163
mp-4255,0.4698220193386078,0.3439309298992157
mp-6296,-0.2676062285900116,-0.15162396430969238
mp-559200,0.6031443476676941,0.5157748460769653
mp-1077081,0.2504200041294098,0.7366489171981812
mp-1191008,0.5263392925262451,0.5971204042434692
mp-22856,0.0,0.02945125102996826
mp-20725,1.0492180585861206,1.1379106044769287
mp-8275,1.4755258560180664,0.9326084852218628
mp-627591,0.5646660923957825,0.43246057629585266
mp-2998,0.6830470561981201,0.6038097143173218
mp-3163,0.5198280215263367,0.5088099837303162
mp-7562,0.06818585842847824,-0.032751262187957764
mp-27253,0.6893088817596436,0.5975039601325989
mp-542627,0.2095150202512741,0.43926480412483215
mp-15803,0.5263392925262451,0.49320799112319946
mp-561166,0.7979596257209778,0.7613424062728882
mp-7748,1.225050687789917,0.9399837255477905
mp-12867,0.8500332832336426,0.9652788043022156
mp-18481,0.0969100147485733,0.06122967600822449
mp-19833,0.7041504979133606,0.5726173520088196
mp-10226,0.5682017207145691,0.46213454008102417
mp-7438,-0.026872146874666214,-0.05097895860671997
mp-7841,0.1303337663412094,-0.026705384254455566
mp-977414,0.8344206809997559,0.8769936561584473
mp-2072,-0.13667714595794678,-0.04094052314758301
mp-2030,1.092018485069275,1.1032781600952148
mp-11769,1.1075490713119507,0.943412721157074
mp-13820,0.6364879012107849,0.7692483067512512
mp-5782,0.9712758660316467,0.9117023348808289
mp-7885,1.4948500394821167,1.69246244430542
mp-2229,1.3886339664459229,1.1501872539520264
mp-5342,0.812244713306427,0.7646687626838684
mp-13334,1.4899585247039795,1.3026392459869385
mp-555483,1.839917778968811,0.9377844333648682
mp-5229,0.7902851700782776,0.7107741236686707
mp-676,0.775246262550354,0.8144925832748413
mp-19845,0.6020600199699402,0.49121686816215515
mp-999540,0.9623693227767944,1.126396894454956
mp-558191,0.8388490676879883,0.8687826991081238
mp-5725,0.06445799022912979,0.19346576929092407
mp-1783,1.5913985967636108,1.6539719104766846
mp-542199,0.48429983854293823,0.524240255355835
mp-11677,0.2988530695438385,0.24377799034118652
mp-8965,0.22271646559238434,0.0607680082321167
mp-19376,1.5822906494140625,1.4126628637313843
mp-9781,0.08635982871055603,0.04074239730834961
mp-1049,0.230448916554451,0.35644495487213135
mp-28818,0.1731862723827362,0.29970836639404297
mp-2065,1.1740597486495972,1.178146481513977
mp-17291,0.04139268398284912,-0.12453645467758179
mp-2189,0.3598354756832123,0.2877172529697418
mp-505443,0.07188200950622559,0.10256105661392212
mp-7770,0.39445167779922485,0.34056711196899414
mp-572596,0.1303337663412094,0.21534463763237
mp-1367,1.1486026048660278,1.0158255100250244
mp-6356,0.6053050756454468,0.6706956624984741
mp-31116,1.0923696756362915,0.9557413458824158
mp-504598,-0.022276394069194794,0.11476755142211914
mp-22304,0.4329693019390106,0.35962024331092834
mp-1103510,0.5118833780288696,0.4888020157814026
mp-1080131,0.5477747321128845,0.4874170124530792
mp-554172,0.33243846893310547,0.40963977575302124
mp-7972,0.42488163709640503,0.4789230525493622
mp-8190,-0.055517327040433884,0.011526405811309814
mp-8145,0.7551122903823853,0.6263992190361023
mp-1700,2.499164581298828,2.561779022216797
mp-33031,0.9484129548072815,0.9656399488449097
mp-16253,0.1818435937166214,0.32819539308547974
mp-29602,-0.055517327040433884,-0.10814845561981201
mp-2490,1.6851145029067993,1.7058730125427246
mp-867340,-0.008773923851549625,-0.06578391790390015
mp-1017510,0.4969296455383301,0.4416784644126892
mp-6493,0.8645110726356506,1.0042113065719604
mp-20098,1.2612628936767578,0.8081966638565063
mp-567596,0.06445799022912979,-0.056242287158966064
mp-1864,0.09342168271541595,0.49431276321411133
mp-2168,0.5415792465209961,0.37645238637924194
mp-1125,0.5550944209098816,0.5294345617294312
mp-3930,0.8413594961166382,0.8162523508071899
mp-1103590,0.5145477652549744,0.5069718956947327
mp-17875,1.0021660327911377,0.8795003890991211
mp-15071,0.2405492514371872,0.24777844548225403
mp-30990,0.38916608691215515,0.39168012142181396
mp-570062,-0.5376020073890686,-0.5548279881477356
mp-8116,0.03342375531792641,0.006006956100463867
mp-20489,0.7895807027816772,0.8448562026023865
mp-8280,0.5250447988510132,0.4725421667098999
mp-1007824,1.8269166946411133,1.8463091850280762
mp-1513,0.38201704621315,0.45212796330451965
mp-558748,1.131618618965149,1.259963035583496
mp-28769,-0.013228265568614006,-0.08407449722290039
mp-554678,1.2284003496170044,1.1093599796295166
mp-554665,1.2033048868179321,1.0384691953659058
mp-15702,1.9553990364074707,1.718088150024414
mp-4840,0.7649229764938354,0.7102671265602112
mp-33031,0.9484129548072815,0.9656399488449097
mp-17908,0.19589965045452118,0.2275846004486084
mp-10336,0.1430148035287857,0.17110097408294678
mp-5893,0.7972675561904907,0.93888920545578
mp-557737,0.1818435937166214,0.19959315657615662
mp-34903,1.1354507207870483,1.033198595046997
mp-6289,0.4471580386161804,0.4022417664527893
mp-18664,-0.04095860943198204,-0.029312729835510254
mp-5594,1.7315081357955933,1.4503355026245117
mp-617281,-0.008773923851549625,-0.02765524387359619
mp-17552,1.0207754373550415,0.8376210927963257
mp-561641,-0.18708664178848267,-0.18733656406402588
mp-17054,-0.08092191070318222,-0.18924856185913086
mp-2030,1.092018485069275,1.1032781600952148
mp-28256,-0.40893539786338806,-0.19349056482315063
mp-8054,0.7634279727935791,0.8450027704238892
mp-19833,0.7050079703330994,0.5726173520088196
mp-15208,0.5854607224464417,0.20213180780410767
mp-1097017,-0.045757491141557693,-0.12417405843734741
mp-22483,-0.06550154834985733,-0.09725081920623779
mp-30317,0.29003462195396423,0.3936099410057068
mp-1104053,0.7347998023033142,0.7573260068893433
mp-556788,0.5587085485458374,0.9421390295028687
mp-1105821,0.26481783390045166,0.32815176248550415
mp-6376,0.12057393044233322,0.1906457543373108
mp-3779,-0.5528419613838196,-0.31113916635513306
mp-21019,0.7634279727935791,0.8252898454666138
mp-10013,1.1522883176803589,0.9427544474601746
mp-19259,1.0174506902694702,0.7254096269607544
mp-523,0.5158738493919373,0.6268988847732544
mp-8235,0.2095150202512741,0.15206733345985413
mp-3829,0.6580113768577576,0.6250513792037964
mp-4387,1.3639878034591675,1.0796654224395752
mp-22630,0.4082399606704712,0.38280636072158813
mp-570258,0.8864907026290894,0.923879861831665
mp-4009,0.21484385430812836,0.297006756067276
mp-6356,0.6444385647773743,0.6706956624984741
mp-406,0.9365137219429016,0.7278822660446167
mp-22605,0.5250447988510132,0.46665120124816895
mp-9321,0.4265112578868866,0.3725798726081848
mp-1104783,0.920644998550415,1.0838598012924194
mp-19784,1.6054128408432007,1.6231248378753662
mp-570377,0.7024305462837219,0.5096009969711304
mp-8840,0.5024271011352539,0.4568236470222473
mp-558366,1.2360332012176514,1.2675464153289795
mp-3930,0.8413594961166382,0.8162523508071899
mp-6440,1.2415465116500854,1.2058570384979248
mp-2402,0.38381537795066833,0.1265765130519867
mp-3835,0.3598354756832123,0.3132224678993225
mp-616026,0.25285303592681885,0.33884570002555847
mp-13275,0.26481783390045166,0.21435841917991638
mp-5175,0.7656685709953308,0.793039083480835
mp-1193597,0.4623979926109314,0.5340736508369446
mp-12024,-0.11350927501916885,-0.03867626190185547
mp-542112,0.7930915951728821,0.7237699031829834
mp-4809,0.7512791156768799,0.6473881006240845
mp-541688,-0.05060999467968941,-0.17347264289855957
mp-32887,-0.6575773358345032,-0.7155212759971619
mp-1104630,0.3263358473777771,0.46856552362442017
mp-1672,1.1095784902572632,1.0204192399978638
mp-1068577,0.5965970754623413,0.5279180407524109
mp-2207,-0.7212464213371277,-0.545745313167572
mp-3777,0.49554434418678284,0.4739924967288971
mp-5414,0.2095150202512741,0.11347505450248718
mp-641018,0.08990511298179626,0.08949565887451172
mp-16871,0.44090908765792847,0.5134038329124451
mp-1009129,1.5589483976364136,1.1627283096313477
mp-14628,0.9556877613067627,1.267953872680664
mp-9666,0.16435284912586212,0.23949503898620605
mp-9281,0.6776069402694702,0.6631730794906616
mp-558121,0.13353890180587769,0.04616045951843262
mp-1188089,-0.013228265568614006,-0.06542462110519409
mp-10159,-0.08618614822626114,-0.06670862436294556
mp-6959,-0.2676062285900116,-0.2726762294769287
mp-5372,0.0,-0.020213663578033447
mp-5238,0.9982593655586243,0.9761953949928284
mp-1078292,0.8904210329055786,0.7543341517448425
mp-1104042,0.21218760311603546,0.27030861377716064
mp-22035,0.01703333854675293,0.09072604775428772
mp-650929,1.4229179620742798,1.1560235023498535
mp-1863,-0.3665315508842468,-0.38191479444503784
mp-3943,0.5786392092704773,0.6344496607780457
mp-17154,-0.022276394069194794,-0.0703810453414917
mp-713,0.02938377857208252,0.04905080795288086
mp-1153970,1.0248959064483643,1.281010389328003
mp-4971,-0.05060999467968941,-0.1519758701324463
mp-15895,0.8825245499610901,0.7991383075714111
mp-569267,0.06445799022912979,0.20431017875671387
mp-29308,0.9258275628089905,0.43042823672294617
mp-19913,0.2405492514371872,0.3183618485927582
mp-3172,0.08278536796569824,0.13636514544487
mp-3547,1.520221471786499,1.4325058460235596
mp-5784,0.8331471085548401,0.6487963795661926
mp-1078000,0.7242758870124817,0.6690613627433777
mp-542299,0.23552845418453217,0.24963152408599854
mp-29374,-0.017728766426444054,-0.08586424589157104
mp-29628,0.21748393774032593,0.11045843362808228
mp-556712,0.10720997303724289,0.08878165483474731
mp-226,0.6928468942642212,0.7459678053855896
mp-913,0.7839035987854004,0.9356447458267212
mp-28766,0.3031960427761078,0.18820008635520935
mp-4586,0.4329693019390106,0.5214773416519165
mp-22926,0.4871383607387543,0.5738202929496765
mp-11703,0.03342375531792641,0.11730855703353882
mp-15776,0.7442929744720459,0.7754834294319153
mp-8752,0.23552845418453217,0.26850253343582153
mp-17441,0.5428254008293152,0.4307892322540283
mp-14797,-0.08092191070318222,-0.034259796142578125
mp-226,0.6937269568443298,0.7459678053855896
mp-7494,0.1172712966799736,0.07184451818466187
mp-510566,0.357934832572937,0.28360262513160706
mp-605485,0.5987905263900757,0.6900414824485779
mp-581115,-0.013228265568614006,-0.05406159162521362
mp-2624,1.7743709087371826,2.028402090072632
mp-1077811,0.5037906765937805,0.5100718140602112
mp-28324,0.26951295137405396,0.4443478584289551
mp-29626,0.2479732632637024,0.12128272652626038
mp-1072088,1.114611029624939,0.9988510012626648
mp-1103275,0.41497334837913513,0.3667745292186737
mp-8422,0.2504200041294098,0.23979830741882324
mp-6599,-0.008773923851549625,0.03395885229110718
mp-5933,0.5250447988510132,0.5094702839851379
mp-570121,0.02938377857208252,-0.011544108390808105
mp-5342,0.8149131536483765,0.7646687626838684
mp-8351,1.0195317268371582,0.7662214040756226
mp-1840,1.3562171459197998,1.410874843597412
mp-966800,1.1601682901382446,1.2541327476501465
mp-1392,0.7347998023033142,1.0087254047393799
mp-556231,0.29225605726242065,-0.0405537486076355
mp-541875,-0.022276394069194794,-0.0716867446899414
mp-690772,0.6273658275604248,0.6582791209220886
mp-7118,0.18752072751522064,0.050192952156066895
mp-21019,0.7634279727935791,0.8252898454666138
mp-10225,0.7411515712738037,0.6282224059104919
mp-540773,0.471291720867157,0.36958518624305725
mp-18216,0.7193312644958496,0.7937390804290771
mp-22052,0.6839471459388733,0.7792654037475586
mp-11021,1.092018485069275,1.0231907367706299
mp-1071269,-0.3010300099849701,-0.2993118166923523
mp-1188645,0.5751878619194031,0.6081620454788208
mp-13654,0.36361196637153625,0.40746617317199707
mp-866651,0.008600171655416489,-0.07978016138076782
mp-9122,0.7275412678718567,0.63857501745224
mp-17324,0.01703333854675293,-0.17900383472442627
mp-27380,0.2718416154384613,0.3680174946784973
mp-20474,0.7209857702255249,0.8118927478790283
mp-29455,1.1643528938293457,1.1054664850234985
mp-14796,-0.06550154834985733,-0.012101829051971436
mp-1868,0.7250944972038269,0.7125647068023682
mp-66,3.0333876609802246,3.2384533882141113
mp-997618,1.8542453050613403,2.150329828262329
mp-2879,1.2073650360107422,1.0371590852737427
mp-1188095,0.06445799022912979,0.2248626947402954
mp-7812,0.2479732632637024,0.49527356028556824
mp-20343,0.025305865332484245,0.22791212797164917
mp-22736,0.8847953677177429,0.8266271948814392
mp-29090,-0.15490196645259857,-0.10958528518676758
mp-557465,1.4530123472213745,0.9238308668136597
mp-560602,-0.14874164760112762,-0.004851222038269043
mp-830,2.0926854610443115,2.2253477573394775
mp-20002,0.7307822704315186,0.7080899477005005
mp-1095453,1.8844554424285889,1.6787848472595215
mp-1868,0.8779469728469849,0.7125647068023682
mp-2402,-0.013228265568614006,0.1265765130519867
mp-14780,0.2671717405319214,0.24741318821907043
mp-7964,1.3782161474227905,1.1716899871826172
mp-4979,1.1357685327529907,1.1492919921875
mp-288,1.2986347675323486,1.2705799341201782
mp-4590,1.1231980323791504,1.0593116283416748
mp-1018115,0.2041199803352356,0.3203311562538147
mp-3451,-0.08092191070318222,0.11962807178497314
mp-18658,0.04921802133321762,0.01152646541595459
mp-556376,1.4768316745758057,1.1359127759933472
mp-11660,1.3042750358581543,1.2451611757278442
mp-1189054,0.26951295137405396,0.2646631598472595
mp-557574,0.6998377442359924,0.6735560297966003
mp-568082,0.3263358473777771,0.2851317524909973
mp-559668,0.03742649778723717,-0.02853471040725708
mp-21139,0.5670263767242432,0.41729500889778137
mp-11025,0.7723217010498047,1.0075323581695557
mp-1477,0.15533603727817535,0.12138170003890991
mp-10953,0.7745169401168823,0.7815014123916626
mp-4194,0.946452260017395,0.9654207825660706
mp-28568,0.1846914291381836,0.1286744773387909
mp-6647,0.28103336691856384,0.10201311111450195
mp-605485,0.5965970754623413,0.6900414824485779
mp-2172,1.6537911891937256,1.9296801090240479
mp-17853,1.2357808351516724,1.026137113571167
mp-22736,0.8847953677177429,0.8266271948814392
mp-14339,-0.060480747371912,-0.08491438627243042
mp-7667,0.11058971285820007,0.10122349858283997
mp-36866,1.1699681282043457,1.3522167205810547
mp-4194,0.8344206809997559,0.9654207825660706
mp-3443,1.001733660697937,1.2145493030548096
mp-2207,-0.6020600199699402,-0.545745313167572
mp-1078680,0.8744817972183228,0.8005115389823914
mp-1020610,1.1631613969802856,1.1825053691864014
mp-555251,1.0253058671951294,0.5787562131881714
mp-20938,0.2944662272930145,0.14013496041297913
mp-21489,0.5145477652549744,0.19134044647216797
mp-972387,0.7050079703330994,0.6671467423439026
mp-12171,0.3424226939678192,0.5678165555000305
mp-5342,0.812244713306427,0.7646687626838684
mp-1190945,0.49831056594848633,0.40217411518096924
mp-9845,0.6693168878555298,0.3233366906642914
mp-556806,0.48429983854293823,0.6011507511138916
mp-1848,0.6866362690925598,0.7741284966468811
mp-5238,0.9995654821395874,0.9761953949928284
mp-10519,0.7143297791481018,0.7258062362670898
mp-1361,0.5352941155433655,0.4428638219833374
mp-569461,-0.16115090250968933,0.11197489500045776
mp-10985,0.19312459230422974,0.11110204458236694
mp-9254,-0.5228787660598755,-0.4195653796195984
mp-1191552,0.3979400098323822,0.5217534303665161
mp-9047,0.06445799022912979,0.014563322067260742
mp-9676,0.07188200950622559,0.07926934957504272
mp-22003,0.5340260863304138,0.5163907408714294
mp-6112,0.04139268398284912,-0.044391751289367676
mp-17193,0.3654879927635193,0.3375767469406128
mp-322,-0.10790539532899857,-0.14645624160766602
mp-20459,-0.022276394069194794,0.27082914113998413
mp-1001012,0.8506462574005127,0.8972692489624023
mp-550893,1.5047426223754883,1.1540324687957764
mp-20397,0.012837224639952183,-0.01004856824874878
mp-22253,0.26951295137405396,0.09493058919906616
mp-16755,-0.060480747371912,0.020548343658447266
mp-871,1.6542727947235107,1.3936419486999512
mp-4016,0.02118929848074913,-0.0282289981842041
mp-540635,0.5276299118995667,0.5013667345046997
mp-11695,-0.060480747371912,-0.04648071527481079
mp-20250,0.8909795880317688,0.8481273651123047
mp-404,0.48429983854293823,0.641057014465332
mp-1078162,0.4857214391231537,0.492910772562027
mp-21299,0.7951846122741699,0.8745763897895813
mp-3792,1.0692980289459229,1.027968168258667
mp-31002,-0.18708664178848267,-0.17098695039749146
mp-12903,0.2787536084651947,0.24897131323814392
mp-542812,-0.5228787660598755,-0.5304386019706726
mp-18989,0.9921115040779114,0.7809961438179016
mp-18510,0.6085260510444641,0.6274147033691406
mp-1020631,1.7189996242523193,1.3935091495513916
mp-2672,0.3598354756832123,0.30504289269447327
mp-1019561,0.5797836184501648,0.6758272647857666
mp-680246,-0.022276394069194794,-0.1318659782409668
mp-2832,0.406540185213089,0.3613627254962921
mp-1188364,-0.2676062285900116,-0.15195244550704956
mp-557577,0.6294096112251282,0.4563257098197937
mp-6481,0.5705429315567017,0.7826603055000305
mp-4043,0.307496041059494,0.26291871070861816
mp-1087504,0.3344537615776062,0.5417645573616028
mp-9317,0.25285303592681885,0.23388952016830444
mp-5693,0.761175811290741,0.671495795249939
mp-1016200,0.8680563569068909,0.8671367764472961
mp-226,0.6928468942642212,0.7459678053855896
mp-1170,-0.6575773358345032,-0.49514240026474
mp-19907,-0.5686362385749817,-0.3296089172363281
mp-690772,0.626340389251709,0.6582791209220886
mp-541280,0.8633228540420532,0.6396560072898865
mp-12016,0.03342375531792641,0.025432050228118896
mp-14018,0.4031205177307129,0.2980152666568756
mp-1180312,0.9425041079521179,1.0816938877105713
mp-21461,0.1986570805311203,0.22761490941047668
mp-1079260,-0.6197887659072876,-0.6168747544288635
mp-5518,0.6190933585166931,0.5339779257774353
mp-7433,0.16731733083724976,0.18912240862846375
mp-605485,0.5965970754623413,0.6900414824485779
mp-6449,0.742725133895874,0.8220654129981995
mp-605485,0.5987905263900757,0.6900414824485779
mp-505244,0.2405492514371872,0.2693714201450348
mp-18005,1.1189258098602295,0.9434536695480347
mp-223,0.6776069402694702,0.6096595525741577
mp-9517,1.1401937007904053,1.061150074005127
mp-6391,0.9030900001525879,0.8103746175765991
mp-28267,0.1303337663412094,0.09623762965202332
mp-4824,0.2855572998523712,0.32906943559646606
mp-14550,1.1906118392944336,1.1646196842193604
mp-288,1.2986347675323486,1.2705799341201782
mp-560228,0.3710678517818451,0.3595671057701111
mp-2079,0.008600171655416489,0.07245424389839172
mp-22052,0.6693168878555298,0.7792654037475586
mp-28987,0.008600171655416489,0.0485650897026062
mp-9868,0.21748393774032593,0.23247715830802917
mp-7945,0.6821450591087341,0.6405866146087646
mp-569170,0.8762178421020508,0.67264324426651
mp-562764,0.1760912537574768,0.20205101370811462
mp-10328,0.4828735888004303,0.4655710458755493
mp-9775,0.19033169746398926,0.18473419547080994
mp-3762,0.5563024878501892,0.5337427258491516
mp-27377,0.7678976058959961,0.6867164969444275
mp-1105028,0.05690485239028931,0.11782228946685791
mp-16564,0.6937269568443298,0.6047641634941101
mp-18670,0.2576785683631897,0.2999213933944702
mp-691,0.457881897687912,0.2242598533630371
mp-13312,0.33243846893310547,0.41845089197158813
mp-2885,0.8444771766662598,0.925834059715271
mp-8439,0.15228834748268127,0.2408386766910553
mp-5693,0.7275412678718567,0.671495795249939
mp-1106215,0.4756712019443512,0.6880917549133301
mp-22408,1.8887970447540283,2.1984739303588867
mp-861942,0.1818435937166214,0.1806895136833191
mp-7029,0.2988530695438385,0.5674964189529419
mp-561442,1.3077099323272705,1.2320902347564697
mp-30251,1.0224283933639526,1.0348716974258423
mp-29411,0.1846914291381836,0.1345064640045166
mp-6973,0.012837224639952183,0.013684868812561035
mp-4338,0.7626785635948181,0.7610901594161987
mp-10063,0.49276039004325867,0.4990045130252838
mp-6600,0.5899496078491211,0.5190503597259521
mp-3451,0.21748393774032593,0.11962807178497314
mp-4351,0.1303337663412094,0.11366045475006104
mp-2030,1.092018485069275,1.1032781600952148
mp-1190648,0.4814426302909851,0.6097861528396606
mp-9008,-0.33724215626716614,-0.25307947397232056
mp-3451,0.21484385430812836,0.11962807178497314
mp-471,0.8870543837547302,0.8498021364212036
mp-7623,0.4031205177307129,0.5313334465026855
mp-557183,0.4771212637424469,0.43715178966522217
mp-8768,0.07554696500301361,0.12256330251693726
mp-605485,0.5987905263900757,0.6900414824485779
mp-2951,0.6627578139305115,0.7492697238922119
mp-8717,-0.004364805296063423,-0.05531668663024902
mp-7067,0.46389299631118774,0.44207462668418884
mp-3529,0.15533603727817535,0.06033417582511902
mp-7472,-0.060480747371912,-0.0034849047660827637
mp-17283,-0.013228265568614006,-0.11294251680374146
mp-6507,0.7032913565635681,0.8064452409744263
mp-3668,0.9527924656867981,0.9131416082382202
mp-5056,0.8407332301139832,0.751663088798523
mp-19003,1.3246939182281494,1.3257678747177124
mp-1868,0.8779469728469849,0.7125647068023682
mp-523,0.5132176280021667,0.6268988847732544
mp-8452,0.3747483491897583,0.398157000541687
mp-557453,1.395850419998169,1.2440216541290283
mp-30019,0.1430148035287857,0.12496712803840637
mp-1079600,-0.1426675021648407,-0.17795997858047485
mp-22739,0.1818435937166214,0.2281683087348938
mp-7983,1.5984622240066528,1.4544215202331543
mp-1183370,0.5514500141143799,0.3017660677433014
mp-11790,0.1731862723827362,0.2268868386745453
mp-21299,0.7937904000282288,0.8745763897895813
mp-9634,0.3483048677444458,0.35392898321151733
mp-17275,0.6211763024330139,0.776073694229126
mp-947,1.003029465675354,1.0705490112304688
mp-569168,0.04921802133321762,0.05122479796409607
mp-569535,0.045322977006435394,-0.04677528142929077
mp-1078973,0.5477747321128845,0.5130574107170105
mp-12433,0.7930915951728821,0.74729323387146
mp-15556,-0.130768284201622,-0.1193166971206665
mp-523,0.9561684131622314,0.6268987059593201
mp-1194266,0.0791812464594841,0.07251647114753723
mp-22736,0.8847953677177429,0.8266271352767944
mp-1179796,0.1492191106081009,0.0524730384349823
mp-504427,1.0472748279571533,0.7725979685783386
mp-3861,1.1781132221221924,1.0994346141815186
mp-8262,0.12710480391979218,0.1052585244178772
mp-630528,-0.20760831236839294,0.07161387801170349
mp-1018736,0.01703333854675293,0.05134269595146179
mp-5342,0.8162413239479065,0.7646687030792236
mp-618991,0.7881683707237244,0.6532631516456604
mp-14,-0.3467874825000763,-0.2814972400665283
mp-556553,1.1231980323791504,0.9747893214225769
mp-560188,0.22271646559238434,0.32447147369384766
mp-985831,-0.7958800196647644,-0.6688725352287292
mp-1078500,0.8645110726356506,0.371917188167572
mp-1394,0.21748393774032593,0.21212416887283325
mp-542188,0.4800069332122803,0.4108216464519501
mp-1103520,-0.08618614822626114,-0.07967811822891235
mp-9516,1.4608978033065796,1.330338716506958
mp-1188559,0.3096301555633545,0.3378564417362213
mp-1020712,1.4058583974838257,1.646376609802246
mp-571333,0.8401060700416565,0.896029531955719
mp-866648,0.3344537615776062,0.42591267824172974
mp-5716,0.32221928238868713,0.3020528554916382
