mp-3592,-0.102372907102108,-0.08970695734024048
mp-1188929,0.6404814124107361,0.5877507925033569
mp-634859,1.0923696756362915,0.9749704599380493
mp-558570,0.587710976600647,0.6084657907485962
mp-10159,-0.08618614822626114,-0.0866439938545227
mp-27907,0.16435284912586212,-0.011120975017547607
mp-1105681,0.8162413239479065,0.9473647475242615
mp-441,-0.06550154834985733,-0.11678546667098999
mp-3650,0.12057393044233322,0.05960053205490112
mp-11191,0.8129133582115173,0.9117326140403748
mp-28383,0.2576785683631897,0.2500801086425781
mp-523,0.5145477652549744,0.630028247833252
mp-8623,-0.0969100147485733,-0.07411026954650879
mp-559112,0.652246356010437,0.6760868430137634
mp-21459,0.5037906765937805,0.6019032597541809
mp-17612,0.40140053629875183,0.37729236483573914
mp-17048,-0.07572071254253387,7.49826431274414e-05
mp-18612,-0.03151705116033554,-0.02503150701522827
mp-5794,1.077367901802063,1.0108660459518433
mp-9567,0.3729119896888733,0.36670899391174316
mp-1189598,0.9571282267570496,0.698418378829956
mp-1095440,0.5538830161094666,0.4786890745162964
mp-31286,-0.11350927501916885,-0.1420142650604248
mp-14411,0.399673730134964,0.35485517978668213
mp-8430,0.2671717405319214,0.23655301332473755
mp-21280,0.3463529646396637,0.4221811294555664
mp-23408,-0.060480747371912,0.047903358936309814
mp-11770,0.9132838845252991,0.8752763271331787
mp-4175,0.9489017724990845,0.9249710440635681
mp-21019,0.7626785635948181,0.8933473825454712
mp-30543,0.08278536796569824,0.16190844774246216
mp-2589,1.1486026048660278,1.0595037937164307
mp-3827,0.08635982871055603,0.09474733471870422
mp-1105933,0.357934832572937,0.28863662481307983
mp-557225,0.4345689117908478,0.6213974952697754
mp-630328,0.21484385430812836,0.18722814321517944
mp-707135,-0.15490196645259857,0.6373964548110962
mp-1104810,0.3463529646396637,0.347972571849823
mp-504536,0.399673730134964,0.5192350149154663
mp-680170,-0.055517327040433884,-0.0858539342880249
mp-6408,0.9822712540626526,0.9200431108474731
mp-19833,0.7041504979133606,0.6854313611984253
mp-991676,0.17897695302963257,0.19522038102149963
mp-549706,2.4945859909057617,2.047283172607422
mp-21452,0.21484385430812836,0.1723182201385498
mp-22736,0.8836614489555359,0.882361888885498
mp-2133,1.573683738708496,1.285834550857544
mp-7844,0.6364879012107849,0.5601966977119446
mp-864638,0.22788670659065247,0.16910040378570557
mp-1950,0.5132176280021667,0.441916823387146
mp-4549,0.8318697810173035,0.7146723866462708
mp-1103554,0.7505083680152893,0.7140597105026245
mp-9710,1.385427474975586,1.1774746179580688
mp-4194,0.9745116829872131,0.9810429215431213
mp-21137,0.6830470561981201,0.7266443371772766
mp-149,2.119321823120117,2.203869342803955
mp-17743,1.0480531454086304,0.9875890016555786
mp-9338,0.5646660923957825,0.4855939745903015
mp-6333,0.9190781116485596,0.9622677564620972
mp-10199,0.6618126630783081,0.5991247892379761
mp-5151,0.36921584606170654,0.3388265371322632
mp-560321,0.8102325201034546,0.9493379592895508
mp-754329,1.255995750427246,1.045254111289978
mp-15687,0.05690485239028931,0.0631173849105835
mp-12910,0.07188200950622559,0.12636569142341614
mp-560885,0.9175055027008057,1.0717556476593018
mp-22756,0.3560258448123932,0.2929312586784363
mp-28595,0.12385164201259613,0.13371402025222778
mp-7826,0.04921802133321762,-0.019627749919891357
mp-9693,-0.11350927501916885,-0.19889450073242188
mp-16452,0.3783979117870331,0.3062743544578552
mp-9996,-0.3279021382331848,-0.2931344509124756
mp-29488,0.5490032434463501,0.5384937524795532
mp-11023,1.097951054573059,1.0388033390045166
mp-12441,0.9698816537857056,1.0017253160476685
mp-28967,0.26245108246803284,0.3112834692001343
mp-29209,0.1818435937166214,0.10487997531890869
mp-1104930,0.7315887808799744,0.6385874152183533
mp-1188106,0.4785664975643158,0.6475635170936584
mp-17954,0.3521825075149536,0.3739743232727051
mp-4052,0.045322977006435394,0.10886174440383911
mp-8374,0.2041199803352356,0.22916293144226074
mp-2293,1.308350920677185,1.0714685916900635
mp-4930,1.4980347156524658,1.391268014907837
mp-661,2.1846063137054443,2.1515941619873047
mp-17625,0.2966651916503906,0.25765538215637207
mp-1008786,0.6589648723602295,0.48513317108154297
mp-3787,-0.045757491141557693,-0.09756344556808472
mp-1025315,0.587710976600647,0.5788397789001465
mp-541715,0.2944662272930145,0.22964167594909668
mp-18407,0.5693739056587219,0.5886237621307373
mp-2534,1.3424227237701416,1.1924902200698853
mp-1079848,0.5670263767242432,0.541257381439209
mp-571189,0.012837224639952183,-0.11478447914123535
mp-559860,1.2823954820632935,1.229957103729248
mp-2885,1.1156104803085327,1.0159518718719482
mp-5048,0.3729119896888733,0.32047155499458313
mp-2065,1.1740597486495972,1.120823860168457
mp-555740,0.8715729117393494,1.1814560890197754
mp-5304,0.7634279727935791,0.7631464004516602
mp-1190900,0.8830933570861816,0.6412619352340698
mp-8389,0.4082399606704712,0.41533365845680237
mp-559373,1.1423894166946411,0.9640873670578003
mp-12307,-0.1191864088177681,-0.05619245767593384
mp-4255,0.4899584650993347,0.44633591175079346
mp-567771,1.0297894477844238,1.3160814046859741
mp-29376,0.2479732632637024,0.31419622898101807
mp-8883,1.058426022529602,1.1954234838485718
mp-617632,0.357934832572937,0.3861110210418701
mp-9379,0.4548448622226715,0.4864894449710846
mp-17947,0.3961993455886841,0.3536894619464874
mp-557105,0.3096301555633545,0.2929183840751648
mp-12779,0.6637009382247925,0.7785091996192932
mp-8352,2.488593101501465,2.2165801525115967
mp-9655,0.46389299631118774,0.5688599348068237
mp-8484,0.9982593655586243,0.8631072044372559
mp-1077107,0.03342375531792641,-0.03266853094100952
mp-556742,-0.5376020073890686,-0.6120800971984863
mp-3043,0.42975229024887085,0.40516120195388794
mp-542654,0.1613679975271225,0.14536142349243164
mp-504898,-0.036212172359228134,0.0019491910934448242
mp-3835,0.3979400098323822,0.33114928007125854
mp-30041,0.3765769600868225,0.24090346693992615
mp-28859,-0.060480747371912,-0.08320474624633789
mp-2131,0.5693739056587219,0.49885234236717224
mp-555569,0.7007037401199341,0.7718737125396729
mp-19833,0.7032913565635681,0.6854313611984253
mp-5058,0.7986506223678589,0.7731951475143433
mp-556167,0.6053050756454468,0.8647847175598145
mp-1018652,-0.07058107107877731,-0.08789229393005371
mp-30222,-0.06550154834985733,-0.08409655094146729
mp-17835,-0.03151705116033554,0.06236696243286133
mp-1439,1.6551384925842285,1.4728758335113525
mp-3930,0.8413594961166382,0.8350778818130493
mp-1079945,0.3765769600868225,0.24350574612617493
mp-616481,-0.3565473258495331,-0.5472967624664307
mp-7000,0.648360013961792,0.9109634160995483
mp-18079,0.307496041059494,0.3372456729412079
mp-5621,0.4756712019443512,0.40106630325317383
mp-226,0.6928468942642212,0.7163693904876709
mp-5342,0.8149131536483765,0.7963547706604004
mp-4979,1.1357685327529907,1.1389696598052979
mp-560842,0.9943171739578247,0.9877520203590393
mp-556100,0.3283796012401581,0.3584553599357605
mp-1627,0.3304137587547302,0.41514045000076294
mp-6440,1.2664668560028076,1.290531873703003
mp-7904,1.0648322105407715,0.8343376517295837
mp-20485,-0.6197887659072876,-0.6863707304000854
mp-13099,1.9263938665390015,1.7693895101547241
mp-505448,0.07188200950622559,0.03851348161697388
mp-27752,0.26007139682769775,0.3040601909160614
mp-6948,1.0464951992034912,0.7525874376296997
mp-1191615,0.3443922698497772,0.37455689907073975
mp-12383,0.1760912537574768,0.17352813482284546
mp-9248,0.8970770239830017,0.8083871603012085
mp-10161,-0.07058107107877731,-0.06083494424819946
mp-27887,0.3765769600868225,0.3799152970314026
mp-555853,0.22010809183120728,0.20152071118354797
mp-7939,0.38201704621315,0.32040607929229736
mp-21892,0.853698194026947,0.8563161492347717
mp-505721,0.05307844281196594,-0.011762380599975586
mp-556978,0.3654879927635193,0.3725024461746216
mp-561586,0.36172783374786377,0.3391786813735962
mp-4867,1.3089910745620728,1.2858694791793823
mp-4175,0.9503648281097412,0.9249710440635681
mp-8130,1.009450912475586,1.0258872509002686
mp-559550,-0.1938200294971466,0.5969172716140747
mp-17911,0.45636603236198425,0.4567790627479553
mp-8347,0.357934832572937,0.3897644877433777
mp-557032,0.3010300099849701,0.2850097715854645
mp-557134,0.577491819858551,0.7795212864875793
mp-29397,0.521138072013855,0.5433206558227539
mp-8257,0.5740312933921814,0.381702721118927
mp-28127,0.18752072751522064,0.16977909207344055
mp-1136,0.626340389251709,0.5948082208633423
mp-540633,0.4099331200122833,0.38197755813598633
mp-6809,1.1048283576965332,1.097344160079956
mp-27195,-0.04095860943198204,0.006608188152313232
mp-1104166,0.5465426445007324,0.5312813520431519
mp-5193,0.6424645185470581,0.5690212845802307
mp-614572,0.3729119896888733,0.3474704325199127
mp-6124,1.140822172164917,0.9848443865776062
mp-14307,0.8898617029190063,0.7659369707107544
mp-9881,-0.2441251426935196,-0.2723138928413391
mp-5238,0.9982593655586243,1.0040233135223389
mp-9698,-0.1249387338757515,-0.1872228980064392
mp-1191443,0.4471580386161804,0.42688268423080444
mp-5893,0.9795483946800232,0.9752049446105957
mp-1020623,1.7288405895233154,1.541022777557373
mp-12957,-0.055517327040433884,-0.09256160259246826
mp-15704,1.9560723304748535,1.9218699932098389
mp-29745,0.19589965045452118,0.15101668238639832
mp-620372,-0.08618614822626114,-0.1958717703819275
mp-13744,0.274157851934433,0.20288890600204468
mp-1479,2.439190626144409,2.37044620513916
mp-3771,1.5027002096176147,1.195385456085205
mp-20456,0.5987905263900757,0.6296152472496033
mp-5391,1.0496056079864502,1.0368458032608032
mp-6376,0.12057393044233322,0.1614377498626709
mp-5621,0.4742162525653839,0.40106630325317383
mp-558580,0.9947569370269775,0.7054495215415955
mp-16764,0.08278536796569824,0.061692774295806885
mp-3497,1.0068937540054321,0.9164477586746216
mp-4907,0.21218760311603546,0.25729721784591675
mp-1598,0.5185139179229736,0.4590021073818207
mp-22895,0.8500332832336426,0.8437535762786865
mp-11602,0.4265112578868866,0.43389925360679626
mp-16319,-0.102372907102108,-0.1489846110343933
mp-1513,0.3873898386955261,0.3694295883178711
mp-3529,0.1846914291381836,0.15912982821464539
mp-4227,0.230448916554451,0.16074350476264954
mp-18344,-0.1938200294971466,-0.23160117864608765
mp-572822,1.388278841972351,1.1201444864273071
mp-1265,1.6139475107192993,1.1608235836029053
mp-2998,0.7435097694396973,0.6149320602416992
mp-2857,1.8071966171264648,1.5531164407730103
mp-14782,0.10037054866552353,0.0731385350227356
mp-1191903,0.3424226939678192,0.38622719049453735
mp-1018722,-0.3979400098323822,-0.41620683670043945
mp-505554,0.6848453879356384,0.7708674669265747
mp-19845,0.6020600199699402,0.5870047807693481
mp-22648,0.8976271152496338,0.846238911151886
mp-5970,0.32221928238868713,0.4254476726055145
mp-4338,0.7626785635948181,0.8276851177215576
mp-2833,0.6910814642906189,0.6778748035430908
mp-28768,0.06069783866405487,-0.018411099910736084
mp-556859,-0.1674910932779312,-0.07753926515579224
mp-4338,0.7626785635948181,0.8276851177215576
mp-975237,-0.0969100147485733,-0.13437044620513916
mp-7999,1.3972445726394653,1.2695344686508179
mp-1143,1.5441920757293701,1.533017635345459
mp-17367,0.36921584606170654,0.3763830065727234
mp-1197611,0.1760912537574768,0.24069556593894958
mp-1821,-1.096909999847412,-1.1444056034088135
mp-1078709,-0.10790539532899857,-0.0997348427772522
mp-10437,0.3304137587547302,0.30246421694755554
mp-5238,0.9982593655586243,1.0040233135223389
mp-1104078,0.6821450591087341,0.49620771408081055
mp-27624,0.6580113768577576,0.6382275819778442
mp-510240,0.06445799022912979,0.07809898257255554
mp-5122,0.510545015335083,0.5423714518547058
mp-1539137,0.3463529646396637,0.4516356587409973
mp-7909,0.5276299118995667,0.5279552936553955
mp-18439,0.06445799022912979,0.03243619203567505
mp-2095,-0.2291479855775833,-0.19253212213516235
mp-9383,1.0265332460403442,0.8713386058807373
mp-553874,0.28780174255371094,0.2920946478843689
mp-2604,0.29225605726242065,0.2389637529850006
mp-7430,0.2944662272930145,0.24770811200141907
mp-252,1.3109055757522583,1.2464027404785156
mp-641539,1.7969211339950562,1.763731598854065
mp-558573,1.072617530822754,0.9034287929534912
mp-1714,0.7250944972038269,0.9017120003700256
mp-1565,1.7605732679367065,1.7929760217666626
mp-3839,0.5888317227363586,0.5281568765640259
mp-3038,0.6464037299156189,0.6328932046890259
mp-4026,0.7101173400878906,0.5848653316497803
mp-886,1.3130230903625488,1.1909775733947754
mp-560954,1.4192947149276733,1.3250609636306763
mp-4533,0.7693773508071899,0.8132234811782837
mp-4763,1.2736955881118774,1.1472662687301636
mp-867334,0.1492191106081009,0.20337945222854614
mp-2065,1.1728947162628174,1.120823860168457
mp-620652,0.36735591292381287,0.311387300491333
mp-19851,-0.1191864088177681,-0.08355706930160522
mp-556163,1.499137043952942,1.1812410354614258
mp-15896,0.6785183548927307,0.599134087562561
mp-554722,0.9628427028656006,0.9630878567695618
mp-559227,-0.07572071254253387,-0.024152696132659912
mp-1069771,0.03342375531792641,-0.023695766925811768
mp-3904,1.1835545301437378,0.9056187272071838
mp-1006880,1.2129862308502197,1.1339201927185059
mp-571195,0.9790928959846497,0.8423038721084595
mp-5614,0.44560420513153076,0.5213650465011597
mp-15642,0.3138672113418579,0.2822532653808594
mp-4068,0.19033169746398926,0.21983125805854797
mp-546794,0.7007037401199341,0.4899449050426483
mp-636461,0.5622928738594055,0.5815306901931763
mp-5693,0.7218106389045715,0.7531135082244873
mp-10477,0.045322977006435394,0.07865306735038757
mp-550172,1.5459253787994385,1.3546648025512695
mp-7895,0.12385164201259613,0.10157725214958191
mp-5055,0.4969296455383301,0.3991018235683441
mp-561551,1.2116544246673584,1.21587073802948
mp-21183,-0.036212172359228134,0.017182350158691406
mp-4820,1.6921416521072388,1.645424485206604
mp-7475,0.3873898386955261,0.5035820007324219
mp-21299,0.7937904000282288,0.8786084651947021
mp-1189305,0.3344537615776062,0.23439043760299683
mp-861938,0.08635982871055603,0.07972589135169983
mp-16566,0.5965970754623413,0.5394107699394226
mp-550908,1.276002049446106,1.0732307434082031
mp-2758,0.6170003414154053,0.599075436592102
mp-19034,0.9708116054534912,1.0424089431762695
mp-7547,0.12057393044233322,0.1596379578113556
mp-2030,1.092018485069275,1.081918716430664
mp-827,0.2405492514371872,0.24346569180488586
mp-18585,-0.18045605719089508,-0.16186124086380005
mp-8016,0.860338032245636,0.7857881188392639
mp-6228,1.1195857524871826,0.9284392595291138
mp-29976,0.21218760311603546,0.28933238983154297
mp-558760,0.3560258448123932,0.3736821413040161
mp-15973,0.6589648723602295,0.75091153383255
mp-10091,0.045322977006435394,0.005641162395477295
mp-560398,0.5646660923957825,0.4464321434497833
mp-8360,-0.2218487560749054,-0.25364893674850464
mp-3051,0.9294189214706421,0.9336740970611572
mp-541963,0.02118929848074913,-0.025802671909332275
mp-10281,1.020361304283142,1.2534923553466797
mp-636813,0.06445799022912979,0.07290071249008179
mp-559313,1.428134799003601,1.5006017684936523
mp-1876,0.7355989217758179,0.7037930488586426
mp-1455,0.6875289678573608,0.7857344150543213
mp-505172,0.12057393044233322,0.1377808153629303
mp-554663,1.0354297161102295,0.8767684698104858
mp-10695,1.5795549154281616,1.2539925575256348
mp-7502,0.12385164201259613,0.15553602576255798
mp-18365,-0.130768284201622,-0.11196637153625488
mp-4524,1.0722498893737793,1.1000638008117676
mp-3762,0.5599066019058228,0.5687184929847717
mp-1194401,0.1846914291381836,0.2130313217639923
mp-18244,0.29225605726242065,0.24868550896644592
mp-1193219,0.44090908765792847,0.572236180305481
mp-1018721,1.6959192752838135,1.7896760702133179
mp-35785,0.666517972946167,0.6622617244720459
mp-8278,0.6998377442359924,0.6811384558677673
mp-1039,0.8312296867370605,0.93352210521698
mp-27888,1.7790189981460571,1.6691105365753174
mp-3952,0.5705429315567017,0.5244334936141968
mp-4163,1.2198463678359985,1.132889747619629
mp-16870,0.1172712966799736,0.10935240983963013
mp-628185,-0.05060999467968941,-0.08731663227081299
mp-2534,1.3432115316390991,1.1924902200698853
mp-7765,0.38201704621315,0.3761332631111145
mp-2633,1.4750897884368896,1.5806481838226318
mp-18253,0.9881128668785095,0.9225335717201233
mp-3163,0.5198280215263367,0.39366415143013
mp-603934,0.8061800003051758,0.5624046921730042
mp-9780,-0.11350927501916885,-0.11837524175643921
mp-1078053,0.8109042644500732,0.6438555717468262
mp-3626,0.9222062826156616,1.059212565422058
mp-1133,0.40483370423316956,0.623964250087738
mp-16763,0.17897695302963257,0.14716729521751404
mp-3043,0.4116196930408478,0.40516120195388794
mp-27515,-0.21467016637325287,-0.10082733631134033
mp-5045,-0.2676062285900116,0.0355755090713501
mp-20250,0.892094612121582,0.8557570576667786
mp-640614,0.1613679975271225,0.22357270121574402
mp-7084,0.3443922698497772,0.3314678966999054
mp-630773,-0.2596372961997986,0.028720736503601074
mp-4899,0.510545015335083,0.4746309220790863
mp-14951,0.2718416154384613,0.285017728805542
mp-1009813,1.4181355237960815,1.5017163753509521
mp-2998,0.7435097694396973,0.6149320602416992
mp-1104843,0.5943925380706787,0.6333604454994202
mp-505767,0.008600171655416489,-0.053445637226104736
mp-9570,0.5820633769035339,0.5190711617469788
mp-504928,0.1760912537574768,0.18487542867660522
mp-559208,0.6031443476676941,0.6278355121612549
mp-561173,0.5670263767242432,0.5921472907066345
mp-542749,-0.0969100147485733,-0.1259332299232483
mp-1190030,0.2988530695438385,0.2335844337940216
mp-2574,1.939019799232483,1.9125947952270508
mp-422,2.0399293899536133,1.893809199333191
mp-8543,0.27646180987358093,0.35374969244003296
mp-540784,0.799340546131134,0.7673059105873108
mp-5342,0.8149131536483765,0.7963547706604004
mp-699208,0.587710976600647,0.5020170211791992
mp-8579,0.40140053629875183,0.24250590801239014
mp-1627,0.3304137587547302,0.41514045000076294
mp-15220,0.0,-0.056830525398254395
mp-978857,0.8808135986328125,0.8337799310684204
mp-7277,-0.07058107107877731,-0.10817807912826538
mp-8829,0.2013971209526062,0.2379644811153412
mp-8016,0.8579352498054504,0.7857881188392639
mp-3370,1.389697551727295,1.2662245035171509
mp-556870,1.2337573766708374,1.142665147781372
mp-649479,0.16435284912586212,0.1872779130935669
mp-30239,0.29225605726242065,0.29874181747436523
mp-541378,-0.1249387338757515,-0.06417620182037354
mp-561468,0.7481880187988281,0.7541422247886658
mp-1078696,-0.026872146874666214,0.29977741837501526
mp-14591,0.1492191106081009,0.23701927065849304
mp-554310,0.21748393774032593,0.14370954036712646
mp-568469,0.8188853859901428,0.8783887028694153
mp-20042,0.24551266431808472,0.21074646711349487
mp-867219,0.879669189453125,0.7408158779144287
mp-3828,0.584331214427948,0.5002626776695251
mp-4819,0.9159272313117981,0.91717529296875
mp-28505,0.045322977006435394,0.020284712314605713
mp-971,0.5263392925262451,0.5111801028251648
mp-22605,0.5250447988510132,0.4971303343772888
mp-1070498,-0.14874164760112762,-0.20516467094421387
mp-560262,0.1760912537574768,0.20426273345947266
mp-733,0.6599162220954895,0.5969319939613342
mp-555676,1.181843638420105,1.095849633216858
mp-7446,-0.036212172359228134,-0.018546998500823975
mp-1103846,0.01703333854675293,0.07356888055801392
mp-624253,-0.3979400098323822,-0.22769010066986084
mp-5168,0.9084849953651428,0.7612317800521851
mp-18642,0.5301997065544128,0.6095492839813232
mp-5837,0.8228216171264648,0.8766846656799316
mp-27554,0.15228834748268127,0.12025907635688782
mp-605485,0.5987905263900757,0.6836045384407043
mp-1002164,2.122346878051758,2.1892590522766113
mp-8117,0.012837224639952183,0.01185142993927002
mp-504650,0.4329693019390106,0.43152955174446106
mp-619279,0.4771212637424469,0.3741725981235504
mp-1204783,-0.09151498228311539,-0.150438129901886
mp-5546,0.26481783390045166,0.3894055485725403
mp-4391,1.4336098432540894,1.4394185543060303
mp-22009,0.5158738493919373,0.4174259901046753
mp-15781,0.4424797594547272,0.4403839707374573
mp-556085,0.01703333854675293,0.027927041053771973
mp-1191234,0.19312459230422974,0.05233955383300781
mp-7087,2.1800971031188965,2.2152278423309326
mp-6498,0.9863237738609314,0.9133814573287964
mp-17173,0.8273692727088928,0.9649763107299805
mp-1868,0.8779469728469849,0.8302936553955078
mp-8380,0.5728716254234314,0.5970315933227539
mp-15252,0.812244713306427,0.7589037418365479
mp-7191,0.4785664975643158,0.5769665837287903
mp-2099,0.6627578139305115,0.6803082823753357
mp-14928,0.5809249877929688,0.4883497357368469
mp-4227,0.22788670659065247,0.16074350476264954
mp-569857,0.14612802863121033,0.1056256890296936
mp-13099,1.9307453632354736,1.7693895101547241
mp-557962,0.3096301555633545,0.33717405796051025
mp-2853,1.5509617328643799,1.3349945545196533
mp-553970,-0.102372907102108,-0.054961204528808594
mp-542613,0.04139268398284912,0.07975006103515625
mp-5055,0.4216039180755615,0.3991018235683441
mp-5924,1.3953263759613037,1.447289228439331
mp-5342,0.812244713306427,0.7963547706604004
mp-4255,0.4698220193386078,0.44633591175079346
mp-5837,0.918030321598053,0.8766846656799316
mp-17980,0.04139268398284912,0.07270556688308716
mp-9911,0.2095150202512741,0.12671446800231934
mp-1020721,0.6608654856681824,0.9885917901992798
mp-558629,0.4502491056919098,0.34626758098602295
mp-582767,0.4471580386161804,0.41914430260658264
mp-4190,1.4807254076004028,1.1621570587158203
mp-4194,0.9469432830810547,0.9810429215431213
mp-22811,0.6720978617668152,0.650817334651947
mp-22811,0.6748611330986023,0.650817334651947
mp-1103996,0.045322977006435394,-0.0025116801261901855
mp-30249,0.4082399606704712,0.4611823558807373
mp-867823,-0.102372907102108,0.011435389518737793
mp-3792,1.0588054656982422,1.0177550315856934
mp-541106,-0.3979400098323822,-0.32079678773880005
mp-8187,0.6424645185470581,0.5303049087524414
mp-29920,-0.08618614822626114,-0.18715637922286987
mp-2979,1.493736743927002,1.4732882976531982
mp-6094,1.160468578338623,0.9504823684692383
mp-3497,1.008174180984497,0.9164477586746216
mp-7500,0.630427896976471,0.7245385050773621
mp-226,0.6954816579818726,0.7163693904876709
mp-558426,-0.07572071254253387,-0.03533405065536499
mp-17872,0.13987909257411957,0.18596160411834717
mp-5193,0.6344772577285767,0.5690212845802307
mp-6930,0.863917350769043,0.7559071183204651
mp-10802,-0.07572071254253387,-0.0750725269317627
mp-568036,0.8182259202003479,0.7977842688560486
mp-11607,2.123328924179077,1.816820740699768
mp-4756,0.7118072509765625,0.7299975156784058
mp-18502,0.675778329372406,0.7630094289779663
mp-5827,0.8842287659645081,0.9231710433959961
mp-568638,0.36921584606170654,0.42733389139175415
mp-28591,0.1583624929189682,0.18500620126724243
mp-9306,0.8591383099555969,0.7921783924102783
mp-540771,0.5118833780288696,0.517798900604248
mp-9948,0.1303337663412094,0.34940221905708313
mp-541937,0.2944662272930145,0.20761659741401672
mp-2920,0.7788744568824768,0.8466321229934692
mp-558055,0.5171958804130554,0.47383978962898254
mp-3762,0.5563024878501892,0.5687184929847717
mp-3349,0.6354837417602539,0.7513414621353149
mp-18635,0.761175811290741,0.59221351146698
mp-7077,-0.15490196645259857,-0.21523696184158325
mp-1190533,0.8756399154663086,0.8648619651794434
mp-1002124,1.8238002061843872,1.7470669746398926
mp-741,0.9503648281097412,1.0549907684326172
mp-9755,1.3479151725769043,1.3276488780975342
mp-28079,0.3521825075149536,0.44037047028541565
mp-3834,0.6324573159217834,0.4755495488643646
mp-10973,0.3424226939678192,0.26569151878356934
mp-18867,0.2504200041294098,0.1774088442325592
mp-7048,1.8557008504867554,1.5185463428497314
mp-18577,0.04139268398284912,-0.04920607805252075
mp-21893,0.26245108246803284,0.35699743032455444
mp-9900,0.8000293374061584,0.5876820087432861
mp-1068941,0.19033169746398926,0.23857927322387695
mp-561434,-0.045757491141557693,0.004845380783081055
mp-1103966,0.230448916554451,0.21152916550636292
mp-21410,0.8068580031394958,0.7232802510261536
mp-1095694,0.7551122903823853,0.650428295135498
mp-15120,-0.130768284201622,-0.12820351123809814
mp-17698,-0.036212172359228134,0.004253387451171875
mp-16031,0.9777235984802246,1.0046637058258057
mp-5014,0.09342168271541595,0.19705069065093994
mp-18483,0.2405492514371872,0.18271508812904358
mp-5342,0.8162413239479065,0.7963547706604004
mp-18309,0.2405492514371872,0.20749211311340332
mp-22356,0.5185139179229736,0.507948637008667
mp-19885,-0.508638322353363,-0.21299594640731812
mp-558200,1.1950689554214478,1.0402987003326416
mp-3647,0.7965743541717529,0.7509030699729919
mp-370,0.8926510214805603,0.8284427523612976
mp-15572,0.318063348531723,0.33793044090270996
mp-18079,0.307496041059494,0.3372456729412079
mp-13178,1.8226256370544434,1.5340217351913452
mp-1188662,0.1430148035287857,0.12272197008132935
mp-2384,1.0297894477844238,1.0340242385864258
mp-21511,0.1303337663412094,0.164686918258667
mp-7436,-0.004364805296063423,0.015426814556121826
mp-1106381,0.1492191106081009,0.17270773649215698
mp-1191223,-0.045757491141557693,-0.008006930351257324
mp-3338,0.802089273929596,0.8101539015769958
mp-3707,1.2929203510284424,1.073763132095337
mp-620346,0.07554696500301361,0.002808690071105957
mp-10044,1.9627480506896973,1.9621425867080688
mp-8276,0.6785183548927307,0.552044689655304
mp-13109,1.089198350906372,1.0745654106140137
mp-1103996,0.045322977006435394,-0.0025116801261901855
mp-865606,-0.14874164760112762,-0.05651146173477173
mp-17730,0.6117233037948608,0.4493340253829956
mp-10166,0.1613679975271225,0.21273726224899292
mp-5962,0.6599162220954895,0.5435699820518494
mp-22053,0.9818186163902283,0.8815633654594421
mp-8882,1.3843533992767334,1.520244836807251
mp-5280,1.3334472179412842,1.0647681951522827
mp-1009087,1.1000257730484009,1.1077260971069336
mp-9063,-0.10790539532899857,-0.06312346458435059
mp-7771,0.38201704621315,0.35598230361938477
mp-1513,0.38201704621315,0.3694295883178711
mp-6564,0.5786392092704773,0.6681435108184814
mp-1019089,0.1492191106081009,0.19603478908538818
mp-17914,1.1199153661727905,1.0758730173110962
mp-1079772,0.49831056594848633,0.520340621471405
mp-17392,0.7363964915275574,0.6676040291786194
mp-3497,1.005609393119812,0.9164477586746216
mp-29373,0.012837224639952183,0.02508455514907837
mp-1243,1.2180100679397583,1.102945327758789
mp-571016,-0.055517327040433884,-0.05385911464691162
mp-943,0.8312296867370605,0.8508850336074829
mp-604914,0.6910814642906189,0.5804302096366882
mp-3451,0.22788670659065247,0.15060782432556152
mp-29289,0.3729119896888733,0.3194947838783264
mp-267,0.9132838845252991,0.8489711284637451
mp-7090,0.22788670659065247,0.26252761483192444
mp-27749,0.045322977006435394,-0.013051509857177734
mp-7258,0.3424226939678192,0.32057836651802063
mp-17464,0.7143297791481018,0.5498636364936829
mp-30949,0.5289167165756226,0.5358952879905701
mp-963,2.7917118072509766,2.5428619384765625
mp-553991,1.206286072731018,1.184288501739502
mp-8453,0.1731862723827362,0.28452298045158386
mp-753,0.4082399606704712,0.3952522277832031
mp-28230,-0.2218487560749054,-0.14352291822433472
mp-14795,0.10720997303724289,0.12865561246871948
mp-562480,0.2095150202512741,0.14703863859176636
mp-640553,0.675778329372406,0.7034288644790649
mp-5238,0.9982593655586243,1.0040233135223389
mp-624190,-0.102372907102108,-0.08468544483184814
mp-6984,0.07554696500301361,-0.006752371788024902
mp-1103852,2.9967129230499268,2.948265552520752
mp-4697,0.5682017207145691,0.5680528283119202
mp-28922,1.5720579624176025,1.4793932437896729
mp-1106381,0.1492191106081009,0.17270773649215698
mp-7129,0.1846914291381836,0.1484999656677246
mp-5055,0.4166405200958252,0.3991018235683441
mp-4182,1.4012281894683838,1.3980491161346436
mp-29484,-0.036212172359228134,0.01959890127182007
mp-13031,1.3773062229156494,1.123395323753357
mp-21855,0.3263358473777771,0.3975755274295807
mp-15724,-0.022276394069194794,0.12970465421676636
mp-4979,1.1373541355133057,1.1389696598052979
mp-1868,0.8767949938774109,0.8302936553955078
mp-7444,-0.15490196645259857,-0.19001877307891846
mp-5639,1.3398487567901611,1.1565189361572266
mp-471,0.8202014565467834,0.7846235036849976
mp-21299,0.7923917174339294,0.8786084651947021
mp-12181,0.08990511298179626,0.27550598978996277
mp-644103,1.0733517408370972,1.0854392051696777
mp-11719,0.1613679975271225,0.21244657039642334
mp-21459,0.5037906765937805,0.6019032597541809
mp-5052,1.1906118392944336,1.1958470344543457
mp-571164,-0.0969100147485733,-0.16677021980285645
mp-18685,0.42488163709640503,0.41152656078338623
mp-2310,0.7839035987854004,0.7934554815292358
mp-19833,0.7058637142181396,0.6854313611984253
mp-3978,0.49554434418678284,0.587723970413208
mp-17980,0.07188200950622559,0.07270556688308716
mp-1191072,0.12710480391979218,0.04321104288101196
mp-6227,1.1055102348327637,1.0010371208190918
mp-5238,0.9995654821395874,1.0040233135223389
mp-5020,0.5705429315567017,0.5511659383773804
mp-558110,-0.5850266814231873,-0.5160945653915405
mp-4530,1.1723109483718872,0.9866625070571899
mp-6228,0.9712758660316467,0.9284392595291138
mp-558362,0.7528164386749268,0.830061674118042
mp-9993,0.8469552993774414,0.7810667753219604
mp-1188220,0.5514500141143799,0.7356127500534058
mp-20162,0.5276299118995667,0.7141151428222656
mp-1080080,1.0051804780960083,0.8579440712928772
mp-5546,0.22271646559238434,0.3894055485725403
mp-17747,0.5185139179229736,0.5960645079612732
mp-15622,-0.4948500096797943,-0.4089987874031067
mp-5131,0.2041199803352356,0.28774380683898926
mp-4979,1.1367205381393433,1.1389696598052979
mp-402,0.8215135335922241,0.840216338634491
mp-3463,1.130976676940918,1.068986415863037
mp-5096,1.37675940990448,1.1090328693389893
mp-9107,0.36735591292381287,0.4258986711502075
mp-541687,0.004321373999118805,0.01842641830444336
mp-1186,-0.6020600199699402,-0.6360721588134766
mp-384,0.9420080780982971,0.9710962772369385
mp-8017,0.668385922908783,0.6680548787117004
mp-22638,0.4857214391231537,0.45421162247657776
mp-10165,-0.04095860943198204,-0.024172723293304443
mp-8279,0.4771212637424469,0.48124775290489197
mp-3175,0.8567289113998413,0.929832935333252
mp-6181,-0.4685210883617401,0.013829231262207031
mp-31060,0.07188200950622559,-0.0348014235496521
mp-2784,0.2405492514371872,0.2379450500011444
mp-28926,0.506505012512207,0.45968660712242126
mp-1707,0.4424797594547272,0.35360264778137207
mp-5827,0.9344984292984009,0.9231710433959961
mp-7650,0.6074550151824951,0.6476447582244873
mp-3762,0.5490032434463501,0.5687184929847717
mp-1001826,2.2529985904693604,2.343144416809082
mp-560386,0.318063348531723,0.3943325877189636
mp-1104194,0.15228834748268127,0.4247979521751404
mp-13641,1.0546131134033203,1.1099779605865479
mp-4194,0.9247959852218628,0.9810429215431213
mp-7956,0.07188200950622559,0.07702189683914185
mp-13872,0.5526682138442993,0.48470598459243774
mp-1095493,0.44870632886886597,0.4004901051521301
mp-16364,0.8082109689712524,0.7887696027755737
mp-3017,0.22010809183120728,0.35543352365493774
mp-18115,-0.036212172359228134,-0.0030398964881896973
mp-9003,-0.036212172359228134,-0.08824759721755981
mp-22512,0.7902851700782776,0.6765402555465698
mp-1192189,0.8668777942657471,1.1426243782043457
mp-12908,0.5132176280021667,0.4972764253616333
mp-708,0.9390197992324829,0.8814306259155273
mp-644883,0.14612802863121033,0.17291703820228577
mp-2874,1.5021538734436035,1.4457340240478516
mp-8900,0.07554696500301361,0.07116192579269409
mp-7534,0.5415792465209961,0.4528714716434479
mp-16904,0.02118929848074913,0.044050514698028564
mp-1747,0.08635982871055603,0.11053931713104248
mp-2885,0.8027737140655518,1.0159518718719482
mp-1190981,0.3404441177845001,0.4183047413825989
mp-3094,0.8363240957260132,0.8741621971130371
mp-4959,0.7817553877830505,0.7782334089279175
mp-15998,0.08278536796569824,0.15190929174423218
mp-22587,0.39093509316444397,0.19308045506477356
mp-569813,0.1492191106081009,0.13500386476516724
mp-545359,0.5453070998191833,0.49784421920776367
mp-1018040,1.0622057914733887,1.1034705638885498
mp-5481,0.4232458770275116,0.48892056941986084
mp-1222,0.8129133582115173,0.9115115404129028
mp-20758,1.1869562864303589,1.1710240840911865
mp-226,0.6928468942642212,0.7163693904876709
mp-18148,0.06818585842847824,0.0856471061706543
mp-582767,0.40483370423316956,0.41914430260658264
mp-7220,0.521138072013855,0.5692873001098633
mp-29829,0.2855572998523712,0.2608799338340759
mp-555818,0.3304137587547302,0.3972479999065399
mp-2517,0.5658478140830994,0.5110199451446533
mp-20289,0.5145477652549744,0.5045296549797058
mp-8931,-0.055517327040433884,-0.09384524822235107
mp-546794,0.7558748722076416,0.4899449050426483
mp-554921,0.0791812464594841,0.08450928330421448
mp-972808,0.38916608691215515,0.44916728138923645
mp-17597,0.5954962372779846,0.6207169890403748
mp-558603,0.2718416154384613,0.44620439410209656
mp-1627,0.3404441177845001,0.41514045000076294
mp-4309,0.14612802863121033,0.08077874779701233
mp-12178,0.3560258448123932,0.5399514436721802
mp-799,0.5118833780288696,0.6891801357269287
mp-11342,-0.8239087462425232,-0.7601412534713745
mp-553432,1.1961761713027954,1.1202363967895508
mp-1047,0.9143431782722473,0.7874473929405212
mp-10952,0.8202014565467834,0.8482584953308105
mp-1087540,0.5976951718330383,0.6102018356323242
mp-2242,0.23804610967636108,0.19343075156211853
mp-11658,0.5538830161094666,0.6319221258163452
mp-10044,1.9627480506896973,1.9621425867080688
mp-31086,0.648360013961792,0.5371350646018982
mp-558536,-0.045757491141557693,-0.03341418504714966
mp-4338,0.7626785635948181,0.8276851177215576
mp-4255,0.4698220193386078,0.44633591175079346
mp-540703,-0.102372907102108,-0.07593059539794922
mp-568018,-0.055517327040433884,-0.10342276096343994
mp-3536,1.3624824285507202,1.2977017164230347
mp-13033,1.1055102348327637,0.9360642433166504
mp-226,0.7134905457496643,0.7163693904876709
mp-22323,1.5488805770874023,1.1858534812927246
mp-6685,0.9132838845252991,0.8731906414031982
mp-28712,0.22010809183120728,0.16577386856079102
mp-2624,1.7743709087371826,1.7766188383102417
mp-1078160,0.48855072259902954,0.38146233558654785
mp-5782,0.9289076924324036,0.9574573040008545
mp-1205354,0.3483048677444458,0.33204203844070435
mp-10167,0.4232458770275116,0.2941230237483978
mp-7863,0.012837224639952183,0.06994915008544922
mp-22745,0.28780174255371094,0.3500432074069977
mp-17394,0.6503075361251831,0.7461239695549011
mp-554868,1.2655253410339355,1.207016110420227
mp-15214,0.05307844281196594,-0.034889817237854004
mp-15999,0.3502480089664459,0.3736574649810791
mp-2231,0.39269694685935974,0.391899049282074
mp-358,-0.2924298346042633,-0.26315295696258545
mp-7897,0.5477747321128845,0.3919506072998047
mp-5860,0.2013971209526062,0.22371867299079895
mp-29624,-0.2518119812011719,0.045785367488861084
mp-4180,0.8836614489555359,0.8876250982284546
mp-7275,0.33243846893310547,0.3789559304714203
mp-3595,0.9576072692871094,0.96727454662323
mp-505187,0.11394335329532623,0.14186590909957886
mp-20042,0.16731733083724976,0.21074646711349487
mp-2030,1.092018485069275,1.081918716430664
mp-1205388,-0.022276394069194794,-0.08355551958084106
mp-1103685,-0.045757491141557693,-0.024214565753936768
mp-29829,0.2855572998523712,0.2608799338340759
mp-15567,0.14612802863121033,0.09842544794082642
mp-15011,0.2405492514371872,0.17706844210624695
mp-2114,1.4916417598724365,1.4339547157287598
mp-5693,0.7234556674957275,0.7531135082244873
mp-866298,0.5682017207145691,0.5141428112983704
mp-568867,1.6193020343780518,1.6222453117370605
mp-4452,0.863917350769043,0.8262041211128235
mp-19932,0.045322977006435394,-0.221219003200531
mp-9711,0.7881683707237244,0.9954668283462524
mp-867884,0.13353890180587769,0.043786585330963135
mp-15973,0.6580113768577576,0.75091153383255
mp-9920,-0.3010300099849701,-0.20898032188415527
mp-1104129,0.1731862723827362,0.19336026906967163
mp-7773,0.06069783866405487,0.07915404438972473
mp-983565,1.0937718152999878,1.0725948810577393
mp-13872,0.48855072259902954,0.48470598459243774
mp-7940,0.31175386905670166,0.22853392362594604
mp-555370,0.5502283573150635,0.394094318151474
mp-568293,0.7347998023033142,0.7895700931549072
mp-8960,0.3873898386955261,0.4563311040401459
mp-2065,1.1728947162628174,1.120823860168457
mp-226,0.6946051716804504,0.7163693904876709
mp-7435,0.10380372405052185,0.07364004850387573
mp-9635,0.5538830161094666,0.5397425293922424
mp-1192773,0.7831887006759644,0.5827113389968872
mp-21019,0.8241258263587952,0.8933473825454712
mp-29354,0.1583624929189682,0.14676564931869507
mp-571281,1.5983526706695557,1.6466398239135742
mp-21892,0.853698194026947,0.8563161492347717
mp-6606,0.7543483376502991,0.8962465524673462
mp-540688,0.5854607224464417,0.7387800216674805
mp-560588,1.2839792966842651,1.2544338703155518
mp-2201,0.2966651916503906,0.32295143604278564
mp-13108,0.9169800281524658,0.7989131808280945
mp-1190545,0.5987905263900757,0.46676862239837646
mp-9273,-0.1674910932779312,-0.19247180223464966
mp-29036,0.3979400098323822,0.37973320484161377
mp-29341,-0.08618614822626114,-0.15657275915145874
mp-10963,0.3010300099849701,0.3173534870147705
mp-5238,0.9982593655586243,1.0040233135223389
mp-22736,0.8830933570861816,0.882361888885498
mp-6960,-0.03151705116033554,-0.0840994119644165
mp-7607,1.4372748136520386,1.3297271728515625
mp-1397,-0.08618614822626114,-0.18911206722259521
mp-1078944,0.7664128541946411,0.8876146674156189
mp-30533,0.04921802133321762,0.1767989993095398
mp-10224,0.7218106389045715,0.8023908138275146
mp-545488,1.0285712480545044,1.0199470520019531
mp-6548,0.5820633769035339,0.6883967518806458
mp-558636,1.058426022529602,1.115657091140747
mp-3978,0.5465426445007324,0.587723970413208
mp-556667,1.3346548080444336,1.1638412475585938
mp-27931,-0.013228265568614006,0.08840391039848328
mp-5342,0.8149131536483765,0.7963547706604004
mp-1102743,0.7419390678405762,0.721236526966095
mp-401,0.5865873098373413,0.6546655297279358
mp-18288,0.6324573159217834,0.522741973400116
mp-6408,0.9822712540626526,0.9200431108474731
mp-6406,0.9885589480400085,0.9202338457107544
mp-9062,0.045322977006435394,0.04156458377838135
mp-3835,0.40483370423316956,0.33114928007125854
mp-1253,0.5010592341423035,0.43303167819976807
mp-12981,1.5032458305358887,1.5584903955459595
mp-7440,0.3242824673652649,0.40332934260368347
mp-3762,0.5599066019058228,0.5687184929847717
mp-562726,-0.1426675021648407,-0.14871621131896973
mp-2030,1.092018485069275,1.081918716430664
mp-1192773,0.49415460228919983,0.5827113389968872
mp-19037,0.35410845279693604,0.24641484022140503
mp-18246,-0.013228265568614006,-0.051216185092926025
mp-621945,0.8375884294509888,0.8769210577011108
mp-568172,0.732393741607666,0.7762206792831421
mp-1103510,0.5118833780288696,0.25956231355667114
mp-568543,-0.045757491141557693,0.06313091516494751
mp-1192025,0.36921584606170654,0.43225306272506714
mp-8683,0.06818585842847824,0.08482587337493896
mp-581833,0.0969100147485733,0.08853945136070251
mp-28261,0.41497334837913513,0.4036586880683899
mp-554278,1.9564086198806763,1.483340859413147
mp-1106227,0.3443922698497772,0.3353872299194336
mp-4086,1.3016809225082397,1.251265287399292
mp-634,-0.3467874825000763,-0.3806565999984741
mp-8727,0.3304137587547302,0.4763168692588806
mp-541997,0.02118929848074913,0.03156304359436035
mp-3872,0.6901960968971252,0.6921871304512024
mp-14794,0.22271646559238434,0.29779016971588135
mp-861618,-0.008773923851549625,0.003410041332244873
mp-18458,0.2718416154384613,0.34335559606552124
mp-27424,0.27646180987358093,0.26668933033943176
mp-11108,0.506505012512207,0.4843101501464844
mp-3762,0.5538830161094666,0.5687184929847717
mp-12787,0.3404441177845001,0.5860249400138855
mp-22914,1.1264561414718628,1.0810935497283936
mp-541686,0.1303337663412094,0.2242065966129303
mp-16613,1.2755416631698608,1.1295266151428223
mp-570668,0.2833012342453003,0.3230658769607544
mp-560527,0.8162413239479065,1.0436253547668457
mp-19896,0.399673730134964,0.37697678804397583
mp-18851,0.805500864982605,0.785609245300293
mp-5058,0.8819549679756165,0.7731951475143433
mp-504646,0.2013971209526062,0.2413729429244995
mp-559144,0.004321373999118805,-0.11326926946640015
mp-22611,0.7109631299972534,0.6629899144172668
mp-697670,0.6493348479270935,0.4389262795448303
mp-1513,0.3802112340927124,0.3694295883178711
mp-1106,0.2718416154384613,0.3761445879936218
mp-541430,0.1492191106081009,0.1258257031440735
mp-2898,0.5763413310050964,0.6280859708786011
mp-28853,0.5514500141143799,0.5123581886291504
mp-560370,0.0969100147485733,0.1336023211479187
mp-19833,0.7041504979133606,0.6854313611984253
mp-8716,0.0791812464594841,0.030026257038116455
mp-2131,0.5158738493919373,0.49885234236717224
mp-13134,0.7803173065185547,0.9059562683105469
mp-9318,0.1172712966799736,0.1394103765487671
mp-1197203,0.4132997691631317,0.5738157629966736
mp-8884,0.812244713306427,0.8386071920394897
mp-390,1.8345478773117065,1.6549147367477417
mp-3762,0.5599066019058228,0.5687184929847717
mp-2809,-0.026872146874666214,-0.039696335792541504
mp-4481,0.8082109689712524,0.7537318468093872
mp-14634,-0.022276394069194794,-0.048870205879211426
mp-7986,0.7259116172790527,0.7925105094909668
mp-5414,0.2095150202512741,0.21396610140800476
mp-10952,0.8202014565467834,0.8482584953308105
mp-573145,0.02938377857208252,-0.05798006057739258
mp-15703,2.1777384281158447,2.272428274154663
mp-17667,0.1430148035287857,0.22593265771865845
mp-6678,-0.130768284201622,-0.13972240686416626
mp-22913,0.9532763361930847,0.9247147440910339
mp-4227,0.230448916554451,0.16074350476264954
mp-7657,-0.04095860943198204,-0.061374127864837646
mp-226,0.6946051716804504,0.7163693904876709
mp-8098,1.2692793607711792,1.1444525718688965
mp-1345,0.6928468942642212,0.5992608070373535
mp-7945,0.680335521697998,0.7095726728439331
mp-22633,0.19589965045452118,0.18837356567382812
mp-3813,0.80955970287323,0.4995343089103699
mp-10913,1.796088457107544,1.7139077186584473
mp-458,1.380573034286499,1.2745368480682373
mp-4953,0.7032913565635681,0.7056577205657959
mp-3917,0.6170003414154053,0.7181879281997681
mp-1105620,0.7067177891731262,0.6534727215766907
mp-9413,0.8959747552871704,0.8873770833015442
mp-15222,-0.08618614822626114,-0.11092996597290039
mp-17207,-0.20065945386886597,-0.16394084692001343
mp-4030,-0.14874164760112762,-0.12271326780319214
mp-15788,0.5910646319389343,0.6281739473342896
mp-4287,1.013258695602417,1.0388517379760742
mp-3707,0.9527924656867981,1.073763132095337
mp-1477,0.15533603727817535,0.20629844069480896
mp-562490,0.8767949938774109,0.5053344964981079
mp-1009746,1.8505849838256836,2.0740418434143066
mp-2693,0.5998830795288086,0.5451372861862183
mp-4194,0.9415114521980286,0.9810429215431213
mp-22230,0.8014037013053894,0.735389769077301
mp-409,0.3201462924480438,0.3738345503807068
mp-5342,0.812244713306427,0.7963547706604004
mp-546007,0.9556877613067627,0.848023533821106
mp-4338,0.7626785635948181,0.8276851177215576
mp-20474,0.7419390678405762,0.8767663240432739
mp-29975,0.1583624929189682,0.16319021582603455
mp-1104062,0.1846914291381836,0.055656254291534424
mp-11115,-0.026872146874666214,-0.08941799402236938
mp-10955,0.2944662272930145,0.23414969444274902
mp-8347,0.38201704621315,0.3897644877433777
mp-4979,1.1373541355133057,1.1389696598052979
mp-256,1.247727870941162,1.2320213317871094
mp-4551,0.5943925380706787,0.7283068895339966
mp-27532,-0.0969100147485733,-0.10548156499862671
mp-608823,-0.20760831236839294,-0.147952139377594
mp-19722,0.9003671407699585,0.9470571279525757
mp-2352,0.8382192254066467,0.830244779586792
mp-14588,0.0791812464594841,0.03445035219192505
mp-28743,0.025305865332484245,-0.06906670331954956
mp-541998,0.07188200950622559,0.01587575674057007
mp-4651,0.879669189453125,0.7860463857650757
mp-8017,0.668385922908783,0.6680548787117004
mp-995191,1.0633333921432495,0.8758421540260315
mp-1101755,0.7686380743980408,0.7389039993286133
mp-10760,0.9068735241889954,0.6407736539840698
mp-20079,0.6599162220954895,0.6586136221885681
mp-9200,-0.07058107107877731,-0.05901896953582764
mp-28365,0.4857214391231537,0.43408817052841187
mp-1683,-0.3979400098323822,-0.4247804880142212
mp-29035,0.4099331200122833,0.4692879915237427
mp-13949,0.453318327665329,0.35116803646087646
mp-3397,0.3979400098323822,0.4951239228248596
mp-29410,0.399673730134964,0.3771703541278839
mp-605485,0.5965970754623413,0.6836045384407043
mp-557142,1.0553783178329468,1.0720866918563843
mp-21705,0.06069783866405487,-0.018207669258117676
mp-553942,0.07554696500301361,0.20849603414535522
mp-19803,0.8609366416931152,0.6781566739082336
mp-4009,0.21484385430812836,0.20602631568908691
mp-608014,0.1583624929189682,0.21371355652809143
mp-4338,0.7626785635948181,0.8276851177215576
mp-5449,0.8756399154663086,1.023009181022644
mp-2833,0.6910814642906189,0.6778748035430908
mp-1078498,0.6354837417602539,0.6948567628860474
mp-9680,0.008600171655416489,0.09186330437660217
mp-9145,-0.16115090250968933,-0.1913689374923706
mp-638033,0.9370161294937134,1.0329418182373047
mp-3359,0.9047155380249023,0.8082239031791687
mp-1188392,0.44870632886886597,0.46077579259872437
mp-3529,0.15228834748268127,0.15912982821464539
mp-866692,0.4969296455383301,0.43370598554611206
mp-29131,0.6901960968971252,0.6066148281097412
mp-1020609,0.9740508794784546,1.1388397216796875
mp-2065,1.1740597486495972,1.120823860168457
mp-11661,1.5801262855529785,1.6002535820007324
mp-18008,0.1702617108821869,0.10085827112197876
mp-4056,0.8457180261611938,0.8095507621765137
mp-17825,0.606381356716156,0.6329992413520813
mp-6465,1.0542298555374146,1.0232508182525635
mp-4194,0.9523079991340637,0.9810429215431213
mp-2507,-0.5376020073890686,-0.6205366849899292
mp-226,0.7134905457496643,0.7163693904876709
mp-540788,0.025305865332484245,0.25427091121673584
mp-571046,0.5670263767242432,0.6737310886383057
mp-14635,-0.08618614822626114,-0.1600736379623413
mp-3930,0.8432327508926392,0.8350778818130493
mp-2156,-0.5376020073890686,-0.516865611076355
mp-5238,0.9982593655586243,1.0040233135223389
mp-4139,0.7505083680152893,0.7653627395629883
mp-558411,0.9132838845252991,1.0145115852355957
mp-4338,0.7626785635948181,0.8276851177215576
mp-3451,0.12057393044233322,0.15060782432556152
mp-20782,0.2855572998523712,0.3231932818889618
mp-29977,0.04139268398284912,0.05176633596420288
mp-8725,-0.06550154834985733,-0.11891227960586548
mp-17186,0.3263358473777771,0.30943629145622253
mp-5213,0.8469552993774414,0.9182174801826477
mp-1095275,-0.45593196153640747,-0.5428435802459717
mp-15751,0.5809249877929688,0.5640999674797058
mp-4578,0.3502480089664459,0.37379157543182373
mp-11012,0.2944662272930145,0.3010866045951843
mp-9984,-0.07058107107877731,-0.24424082040786743
mp-571383,0.4814426302909851,0.4206623435020447
mp-4756,0.7118072509765625,0.7299975156784058
mp-1025500,0.9164539575576782,0.8981636762619019
mp-3788,1.236537218093872,1.1099541187286377
mp-19159,0.5263392925262451,0.4748460054397583
mp-2956,0.8014037013053894,0.766671359539032
mp-5238,0.9982593655586243,1.0040233135223389
mp-17791,0.2944662272930145,0.2875334918498993
mp-556118,0.23552845418453217,0.16586729884147644
mp-4979,1.1367205381393433,1.1389696598052979
mp-560767,0.6074550151824951,0.6118742227554321
mp-1078049,1.0986437797546387,0.9564056396484375
mp-1104677,0.44560420513153076,0.5436587929725647
mp-5238,0.9995654821395874,1.0040233135223389
mp-14433,1.2835273742675781,1.0970978736877441
mp-20088,0.36361196637153625,0.3855258524417877
mp-861606,-0.017728766426444054,-0.026165246963500977
mp-28035,0.1492191106081009,0.27695706486701965
mp-9687,-0.022276394069194794,0.016871869564056396
mp-8188,0.8579352498054504,0.7237171530723572
mp-1080073,0.9074113368988037,0.668736457824707
mp-20554,0.5502283573150635,0.49936169385910034
mp-1189879,0.6839471459388733,0.5638017654418945
mp-7219,0.22788670659065247,0.17587584257125854
mp-1078069,0.5563024878501892,0.5983582139015198
mp-4907,0.2095150202512741,0.25729721784591675
mp-9361,0.39269694685935974,0.39996516704559326
mp-14091,0.7101173400878906,0.6991636157035828
mp-9266,0.4166405200958252,0.3655492067337036
mp-2885,1.132259726524353,1.0159518718719482
mp-4747,0.83250892162323,0.8904924988746643
mp-1101756,2.02999210357666,1.7919671535491943
mp-3595,0.963315486907959,0.96727454662323
mp-4899,0.460897833108902,0.4746309220790863
mp-20499,0.8438554406166077,0.7741775512695312
mp-6793,0.521138072013855,0.4853823482990265
mp-2589,1.1696743965148926,1.0595037937164307
mp-29301,0.16435284912586212,0.27017301321029663
mp-1340,0.49276039004325867,0.07740485668182373
mp-3378,1.1752218008041382,1.074971318244934
mp-9480,0.49415460228919983,0.46970134973526
mp-558085,0.3598354756832123,0.4775933027267456
mp-557691,0.7543483376502991,0.8625745177268982
mp-28978,0.19033169746398926,0.17660069465637207
mp-20256,0.12057393044233322,0.12858134508132935
mp-11114,0.012837224639952183,-0.03599250316619873
mp-18217,0.06818585842847824,0.06060361862182617
mp-3159,0.7788744568824768,0.6344010829925537
mp-616476,0.8221680521965027,0.6225618720054626
mp-1068813,0.3344537615776062,0.13276910781860352
mp-1101801,0.2787536084651947,0.1894427239894867
mp-568968,-0.07572071254253387,-0.09143179655075073
mp-28701,-0.2924298346042633,-0.3739911913871765
mp-4008,0.805500864982605,0.8241276741027832
mp-559928,1.6089537143707275,1.7699432373046875
mp-31273,0.3783979117870331,0.32548266649246216
mp-9566,0.406540185213089,0.43841493129730225
mp-8016,0.860338032245636,0.7857881188392639
mp-5621,0.4771212637424469,0.40106630325317383
mp-21409,-0.6020600199699402,-0.1993235945701599
mp-1069706,0.06069783866405487,0.06987613439559937
mp-1868,0.7250944972038269,0.8302936553955078
mp-17785,0.5224442481994629,0.5410246849060059
mp-4405,-0.1191864088177681,-0.10114628076553345
mp-557401,0.4771212637424469,0.4264720678329468
mp-563025,0.6646419763565063,0.5941252708435059
mp-277,1.0253058671951294,1.012178659439087
mp-2330,0.3242824673652649,0.12154269218444824
mp-3497,1.0068937540054321,0.9164477586746216
mp-8818,1.064083456993103,0.9111499786376953
mp-4979,1.1367205381393433,1.1389696598052979
mp-17063,0.05690485239028931,0.07363468408584595
mp-1105,0.506505012512207,0.3923553228378296
mp-2400,0.3010300099849701,0.3605296015739441
mp-560417,0.5705429315567017,0.8423144221305847
mp-559238,0.17897695302963257,0.1982872188091278
mp-1018804,0.8597385883331299,0.8661383390426636
mp-4338,0.7626785635948181,0.8276851177215576
mp-21459,0.5024271011352539,0.6019032597541809
mp-16338,0.1760912537574768,0.2565595209598541
mp-559691,1.2652896642684937,0.9301363229751587
mp-1001021,0.4969296455383301,0.40040600299835205
mp-22375,0.7007037401199341,0.5097311735153198
mp-1078292,0.8488047122955322,0.8523528575897217
mp-4182,1.398287296295166,1.3980491161346436
mp-623030,0.13987909257411957,0.01180046796798706
mp-650513,0.3424226939678192,0.27884387969970703
mp-1071288,-0.0969100147485733,-0.08884817361831665
mp-545719,1.2837533950805664,1.0629401206970215
mp-7944,0.02938377857208252,0.04029738903045654
mp-559747,0.9439888596534729,0.9886536598205566
mp-557837,0.27646180987358093,0.5247101187705994
mp-14883,0.3443922698497772,0.42545002698898315
mp-3075,-0.1426675021648407,-0.09211021661758423
mp-29139,0.004321373999118805,-0.04316681623458862
mp-2961,1.3510228395462036,1.251236915588379
mp-555018,0.1613679975271225,0.15623775124549866
mp-562100,-0.3187587559223175,-0.14263838529586792
mp-239,0.3283796012401581,0.3330938220024109
mp-22328,0.2576785683631897,0.25073185563087463
mp-21019,0.8567289113998413,0.8933473825454712
mp-3926,0.19033169746398926,0.2799634337425232
mp-1084770,-0.20760831236839294,-0.22793519496917725
mp-568661,0.4668676257133484,0.25986576080322266
mp-558407,0.3961993455886841,0.39723047614097595
mp-1193099,0.26481783390045166,0.2737692594528198
mp-556003,1.3619166612625122,1.1794288158416748
mp-1191872,0.4668676257133484,0.4728984236717224
mp-1104167,0.4265112578868866,0.35738158226013184
mp-5928,1.0051804780960083,1.009549617767334
mp-608439,0.04139268398284912,0.017653346061706543
mp-567177,-0.15490196645259857,-0.09610313177108765
mp-22736,0.8847953677177429,0.882361888885498
mp-17155,0.2479732632637024,0.16708996891975403
mp-21410,0.6637009382247925,0.7232802510261536
mp-971837,0.49831056594848633,0.47455865144729614
mp-9322,-0.036212172359228134,-0.04522287845611572
mp-19833,0.7032913565635681,0.6854313611984253
mp-10428,0.3443922698497772,0.331298828125
mp-972,0.8656960725784302,0.7667050361633301
mp-556916,0.8149131536483765,0.7844364643096924
mp-20352,1.0174506902694702,0.7484976053237915
mp-10680,0.23804610967636108,0.17905396223068237
mp-10097,0.18752072751522064,0.2368210256099701
mp-11131,0.01703333854675293,0.027006983757019043
mp-9258,1.8911470174789429,2.003211498260498
mp-542200,0.5314789414405823,0.5941197872161865
mp-16911,-0.0969100147485733,-0.107932448387146
mp-1104141,0.16435284912586212,-0.10861235857009888
mp-2574,1.9397188425064087,1.9125947952270508
mp-4255,0.4698220193386078,0.44633591175079346
mp-6296,-0.2676062285900116,-0.11663955450057983
mp-559200,0.6031443476676941,0.577663779258728
mp-1077081,0.2504200041294098,0.46839916706085205
mp-1191008,0.5263392925262451,0.4326680600643158
mp-22856,0.0,0.08727595210075378
mp-20725,1.0492180585861206,0.9698792695999146
mp-8275,1.4755258560180664,1.221690058708191
mp-627591,0.5646660923957825,0.5478225946426392
mp-2998,0.6830470561981201,0.6149320602416992
mp-3163,0.5198280215263367,0.39366415143013
mp-7562,0.06818585842847824,-0.048988521099090576
mp-27253,0.6893088817596436,0.6066182851791382
mp-542627,0.2095150202512741,0.29804497957229614
mp-15803,0.5263392925262451,0.42027199268341064
mp-561166,0.7979596257209778,0.7252162098884583
mp-7748,1.225050687789917,0.9601714015007019
mp-12867,0.8500332832336426,0.9711488485336304
mp-18481,0.0969100147485733,0.06320393085479736
mp-19833,0.7041504979133606,0.6854313611984253
mp-10226,0.5682017207145691,0.49951112270355225
mp-7438,-0.026872146874666214,-0.043207764625549316
mp-7841,0.1303337663412094,-0.018701612949371338
mp-977414,0.8344206809997559,0.9008721709251404
mp-2072,-0.13667714595794678,-0.13209956884384155
mp-2030,1.092018485069275,1.081918716430664
mp-11769,1.1075490713119507,1.0390410423278809
mp-13820,0.6364879012107849,0.6324934363365173
mp-5782,0.9712758660316467,0.9574573040008545
mp-7885,1.4948500394821167,1.417029857635498
mp-2229,1.3886339664459229,1.2066375017166138
mp-5342,0.812244713306427,0.7963547706604004
mp-13334,1.4899585247039795,1.3271552324295044
mp-555483,1.839917778968811,1.0826513767242432
mp-5229,0.7902851700782776,0.7277636528015137
mp-676,0.775246262550354,0.8435213565826416
mp-19845,0.6020600199699402,0.5870047807693481
mp-999540,0.9623693227767944,1.0771363973617554
mp-558191,0.8388490676879883,0.8023231625556946
mp-5725,0.06445799022912979,0.08874520659446716
mp-1783,1.5913985967636108,1.6211285591125488
mp-542199,0.48429983854293823,0.5921667814254761
mp-11677,0.2988530695438385,0.28936317563056946
mp-8965,0.22271646559238434,0.1455492377281189
mp-19376,1.5822906494140625,1.4474210739135742
mp-9781,0.08635982871055603,0.052785515785217285
mp-1049,0.230448916554451,0.2929430902004242
mp-28818,0.1731862723827362,0.3324470520019531
mp-2065,1.1740597486495972,1.120823860168457
mp-17291,0.04139268398284912,0.020991742610931396
mp-2189,0.3598354756832123,0.3798353374004364
mp-505443,0.07188200950622559,0.08134689927101135
mp-7770,0.39445167779922485,0.29073572158813477
mp-572596,0.1303337663412094,0.18519899249076843
mp-1367,1.1486026048660278,0.8933547735214233
mp-6356,0.6053050756454468,0.6898573637008667
mp-31116,1.0923696756362915,1.026194453239441
mp-504598,-0.022276394069194794,0.021692514419555664
mp-22304,0.4329693019390106,0.2589534521102905
mp-1103510,0.5118833780288696,0.25956231355667114
mp-1080131,0.5477747321128845,0.5656469464302063
mp-554172,0.33243846893310547,0.44044479727745056
mp-7972,0.42488163709640503,0.38912251591682434
mp-8190,-0.055517327040433884,-0.07114553451538086
mp-8145,0.7551122903823853,0.6469879150390625
mp-1700,2.499164581298828,2.2872767448425293
mp-33031,0.9484129548072815,1.0202610492706299
mp-16253,0.1818435937166214,0.21787068247795105
mp-29602,-0.055517327040433884,-0.10911822319030762
mp-2490,1.6851145029067993,1.5230486392974854
mp-867340,-0.008773923851549625,-0.01757502555847168
mp-1017510,0.4969296455383301,0.36753401160240173
mp-6493,0.8645110726356506,0.9194406270980835
mp-20098,1.2612628936767578,0.8723694086074829
mp-567596,0.06445799022912979,-0.08093839883804321
mp-1864,0.09342168271541595,0.3112865090370178
mp-2168,0.5415792465209961,0.4945259094238281
mp-1125,0.5550944209098816,0.5416229963302612
mp-3930,0.8413594961166382,0.8350778818130493
mp-1103590,0.5145477652549744,0.3482223451137543
mp-17875,1.0021660327911377,0.8452414274215698
mp-15071,0.2405492514371872,0.21804291009902954
mp-30990,0.38916608691215515,0.3264589309692383
mp-570062,-0.5376020073890686,-0.740203857421875
mp-8116,0.03342375531792641,0.06599366664886475
mp-20489,0.7895807027816772,0.8409553170204163
mp-8280,0.5250447988510132,0.4648701548576355
mp-1007824,1.8269166946411133,1.6168214082717896
mp-1513,0.38201704621315,0.3694295883178711
mp-558748,1.131618618965149,1.1153266429901123
mp-28769,-0.013228265568614006,-0.018911242485046387
mp-554678,1.2284003496170044,1.083749532699585
mp-554665,1.2033048868179321,1.0837016105651855
mp-15702,1.9553990364074707,1.8844172954559326
mp-4840,0.7649229764938354,0.7647231817245483
mp-33031,0.9484129548072815,1.0202610492706299
mp-17908,0.19589965045452118,0.2697436213493347
mp-10336,0.1430148035287857,0.1167759895324707
mp-5893,0.7972675561904907,0.9752049446105957
mp-557737,0.1818435937166214,0.23987919092178345
mp-34903,1.1354507207870483,1.194631576538086
mp-6289,0.4471580386161804,0.3925781846046448
mp-18664,-0.04095860943198204,0.02575218677520752
mp-5594,1.7315081357955933,1.5811132192611694
mp-617281,-0.008773923851549625,-0.15777897834777832
mp-17552,1.0207754373550415,0.8996176719665527
mp-561641,-0.18708664178848267,-0.10995179414749146
mp-17054,-0.08092191070318222,-0.1278631091117859
mp-2030,1.092018485069275,1.081918716430664
mp-28256,-0.40893539786338806,-0.34354567527770996
mp-8054,0.7634279727935791,0.7952819466590881
mp-19833,0.7050079703330994,0.6854313611984253
mp-15208,0.5854607224464417,0.3956436514854431
mp-1097017,-0.045757491141557693,-0.03685849905014038
mp-22483,-0.06550154834985733,-0.061165690422058105
mp-30317,0.29003462195396423,0.3113817274570465
mp-1104053,0.7347998023033142,0.7546334266662598
mp-556788,0.5587085485458374,0.8667333126068115
mp-1105821,0.26481783390045166,0.32024553418159485
mp-6376,0.12057393044233322,0.1614377498626709
mp-3779,-0.5528419613838196,-0.3804851770401001
mp-21019,0.7634279727935791,0.8933473825454712
mp-10013,1.1522883176803589,1.1488978862762451
mp-19259,1.0174506902694702,0.796788215637207
mp-523,0.5158738493919373,0.630028247833252
mp-8235,0.2095150202512741,0.17015233635902405
mp-3829,0.6580113768577576,0.5757606625556946
mp-4387,1.3639878034591675,1.1807774305343628
mp-22630,0.4082399606704712,0.5475481748580933
mp-570258,0.8864907026290894,0.8738390207290649
mp-4009,0.21484385430812836,0.20602631568908691
mp-6356,0.6444385647773743,0.6898573637008667
mp-406,0.9365137219429016,0.7791931629180908
mp-22605,0.5250447988510132,0.4971303343772888
mp-9321,0.4265112578868866,0.3185049593448639
mp-1104783,0.920644998550415,0.8367030620574951
mp-19784,1.6054128408432007,1.6430851221084595
mp-570377,0.7024305462837219,0.7440093755722046
mp-8840,0.5024271011352539,0.47085508704185486
mp-558366,1.2360332012176514,1.3362793922424316
mp-3930,0.8413594961166382,0.8350778818130493
mp-6440,1.2415465116500854,1.290531873703003
mp-2402,0.38381537795066833,0.1695268452167511
mp-3835,0.3598354756832123,0.33114928007125854
mp-616026,0.25285303592681885,0.26279979944229126
mp-13275,0.26481783390045166,0.25207558274269104
mp-5175,0.7656685709953308,0.7816380858421326
mp-1193597,0.4623979926109314,0.5757648348808289
mp-12024,-0.11350927501916885,-0.11366033554077148
mp-542112,0.7930915951728821,0.6989110708236694
mp-4809,0.7512791156768799,0.7147727012634277
mp-541688,-0.05060999467968941,-0.06294333934783936
mp-32887,-0.6575773358345032,-0.744204044342041
mp-1104630,0.3263358473777771,0.38600969314575195
mp-1672,1.1095784902572632,1.038347601890564
mp-1068577,0.5965970754623413,0.4504021108150482
mp-2207,-0.7212464213371277,-0.7505353689193726
mp-3777,0.49554434418678284,0.46009624004364014
mp-5414,0.2095150202512741,0.21396610140800476
mp-641018,0.08990511298179626,0.1410239040851593
mp-16871,0.44090908765792847,0.5180130004882812
mp-1009129,1.5589483976364136,1.2528495788574219
mp-14628,0.9556877613067627,1.256234884262085
mp-9666,0.16435284912586212,0.20259582996368408
mp-9281,0.6776069402694702,0.6524503827095032
mp-558121,0.13353890180587769,0.11264657974243164
mp-1188089,-0.013228265568614006,0.006267368793487549
mp-10159,-0.08618614822626114,-0.0866439938545227
mp-6959,-0.2676062285900116,-0.23345845937728882
mp-5372,0.0,-0.051747679710388184
mp-5238,0.9982593655586243,1.0040233135223389
mp-1078292,0.8904210329055786,0.8523528575897217
mp-1104042,0.21218760311603546,0.24716714024543762
mp-22035,0.01703333854675293,-0.02058851718902588
mp-650929,1.4229179620742798,1.2856444120407104
mp-1863,-0.3665315508842468,-0.3541514277458191
mp-3943,0.5786392092704773,0.7279555797576904
mp-17154,-0.022276394069194794,-0.08672374486923218
mp-713,0.02938377857208252,0.07636308670043945
mp-1153970,1.0248959064483643,1.0859873294830322
mp-4971,-0.05060999467968941,-0.09963810443878174
mp-15895,0.8825245499610901,0.8420699834823608
mp-569267,0.06445799022912979,0.1122468113899231
mp-29308,0.9258275628089905,0.7162497639656067
mp-19913,0.2405492514371872,0.28841522336006165
mp-3172,0.08278536796569824,0.14772671461105347
mp-3547,1.520221471786499,1.3662577867507935
mp-5784,0.8331471085548401,0.626236617565155
mp-1078000,0.7242758870124817,0.6811102628707886
mp-542299,0.23552845418453217,0.2720324695110321
mp-29374,-0.017728766426444054,-0.048245787620544434
mp-29628,0.21748393774032593,0.19840562343597412
mp-556712,0.10720997303724289,0.09233507513999939
mp-226,0.6928468942642212,0.7163693904876709
mp-913,0.7839035987854004,0.8258144855499268
mp-28766,0.3031960427761078,0.2698230743408203
mp-4586,0.4329693019390106,0.5100308060646057
mp-22926,0.4871383607387543,0.5027645826339722
mp-11703,0.03342375531792641,0.036529362201690674
mp-15776,0.7442929744720459,0.7183710336685181
mp-8752,0.23552845418453217,0.2278611958026886
mp-17441,0.5428254008293152,0.49431198835372925
mp-14797,-0.08092191070318222,-0.09957724809646606
mp-226,0.6937269568443298,0.7163693904876709
mp-7494,0.1172712966799736,0.18582895398139954
mp-510566,0.357934832572937,0.3598218560218811
mp-605485,0.5987905263900757,0.6836045384407043
mp-581115,-0.013228265568614006,-0.02339458465576172
mp-2624,1.7743709087371826,1.7766188383102417
mp-1077811,0.5037906765937805,0.45050308108329773
mp-28324,0.26951295137405396,0.33667412400245667
mp-29626,0.2479732632637024,0.21099194884300232
mp-1072088,1.114611029624939,0.927770733833313
mp-1103275,0.41497334837913513,0.3572947382926941
mp-8422,0.2504200041294098,0.2050270438194275
mp-6599,-0.008773923851549625,0.02269059419631958
mp-5933,0.5250447988510132,0.5180184245109558
mp-570121,0.02938377857208252,0.026847660541534424
mp-5342,0.8149131536483765,0.7963547706604004
mp-8351,1.0195317268371582,0.8629419803619385
mp-1840,1.3562171459197998,1.4675302505493164
mp-966800,1.1601682901382446,1.1595706939697266
mp-1392,0.7347998023033142,0.8946243524551392
mp-556231,0.29225605726242065,-0.000276029109954834
mp-541875,-0.022276394069194794,-0.02457040548324585
mp-690772,0.6273658275604248,0.6182526350021362
mp-7118,0.18752072751522064,0.09056735038757324
mp-21019,0.7634279727935791,0.8933473825454712
mp-10225,0.7411515712738037,0.7339195609092712
mp-540773,0.471291720867157,0.451606810092926
mp-18216,0.7193312644958496,0.7298687100410461
mp-22052,0.6839471459388733,0.7217782735824585
mp-11021,1.092018485069275,0.970150351524353
mp-1071269,-0.3010300099849701,-0.22333472967147827
mp-1188645,0.5751878619194031,0.5583360195159912
mp-13654,0.36361196637153625,0.40897536277770996
mp-866651,0.008600171655416489,0.07031726837158203
mp-9122,0.7275412678718567,0.6769779324531555
mp-17324,0.01703333854675293,0.006651937961578369
mp-27380,0.2718416154384613,0.3987574279308319
mp-20474,0.7209857702255249,0.8767663240432739
mp-29455,1.1643528938293457,1.1752173900604248
mp-14796,-0.06550154834985733,-0.07548791170120239
mp-1868,0.7250944972038269,0.8302936553955078
mp-66,3.0333876609802246,3.8612194061279297
mp-997618,1.8542453050613403,1.8405026197433472
mp-2879,1.2073650360107422,1.0610624551773071
mp-1188095,0.06445799022912979,0.29013025760650635
mp-7812,0.2479732632637024,0.33535173535346985
mp-20343,0.025305865332484245,0.22512075304985046
mp-22736,0.8847953677177429,0.882361888885498
mp-29090,-0.15490196645259857,-0.16070419549942017
mp-557465,1.4530123472213745,0.9903990030288696
mp-560602,-0.14874164760112762,-0.38842540979385376
mp-830,2.0926854610443115,2.124083995819092
mp-20002,0.7307822704315186,0.7533840537071228
mp-1095453,1.8844554424285889,1.7974684238433838
mp-1868,0.8779469728469849,0.8302936553955078
mp-2402,-0.013228265568614006,0.1695268452167511
mp-14780,0.2671717405319214,0.2452593445777893
mp-7964,1.3782161474227905,1.284124493598938
mp-4979,1.1357685327529907,1.1389696598052979
mp-288,1.2986347675323486,1.3939292430877686
mp-4590,1.1231980323791504,0.9543207883834839
mp-1018115,0.2041199803352356,0.2285541296005249
mp-3451,-0.08092191070318222,0.15060782432556152
mp-18658,0.04921802133321762,0.024926602840423584
mp-556376,1.4768316745758057,1.1905207633972168
mp-11660,1.3042750358581543,1.3349941968917847
mp-1189054,0.26951295137405396,0.3058464229106903
mp-557574,0.6998377442359924,0.7732491493225098
mp-568082,0.3263358473777771,0.24366021156311035
mp-559668,0.03742649778723717,0.08919692039489746
mp-21139,0.5670263767242432,0.7239356637001038
mp-11025,0.7723217010498047,0.805961549282074
mp-1477,0.15533603727817535,0.20629844069480896
mp-10953,0.7745169401168823,0.8242645859718323
mp-4194,0.946452260017395,0.9810429215431213
mp-28568,0.1846914291381836,0.09900656342506409
mp-6647,0.28103336691856384,0.14602118730545044
mp-605485,0.5965970754623413,0.6836045384407043
mp-2172,1.6537911891937256,1.5642147064208984
mp-17853,1.2357808351516724,1.1511257886886597
mp-22736,0.8847953677177429,0.882361888885498
mp-14339,-0.060480747371912,-0.08200740814208984
mp-7667,0.11058971285820007,0.07577532529830933
mp-36866,1.1699681282043457,1.217210292816162
mp-4194,0.8344206809997559,0.9810429215431213
mp-3443,1.001733660697937,0.985903263092041
mp-2207,-0.6020600199699402,-0.7505353689193726
mp-1078680,0.8744817972183228,0.949493408203125
mp-1020610,1.1631613969802856,1.2545795440673828
mp-555251,1.0253058671951294,0.5021251440048218
mp-20938,0.2944662272930145,0.1522802710533142
mp-21489,0.5145477652549744,0.21747514605522156
mp-972387,0.7050079703330994,0.6300885677337646
mp-12171,0.3424226939678192,0.5341017246246338
mp-5342,0.812244713306427,0.7963547706604004
mp-1190945,0.49831056594848633,0.43480008840560913
mp-9845,0.6693168878555298,0.5143101811408997
mp-556806,0.48429983854293823,0.6287421584129333
mp-1848,0.6866362690925598,0.8347954750061035
mp-5238,0.9995654821395874,1.0040233135223389
mp-10519,0.7143297791481018,0.7236677408218384
mp-1361,0.5352941155433655,0.4740694463253021
mp-569461,-0.16115090250968933,-0.07185518741607666
mp-10985,0.19312459230422974,0.1608680784702301
mp-9254,-0.5228787660598755,-0.4503742456436157
mp-1191552,0.3979400098323822,0.3984736502170563
mp-9047,0.06445799022912979,0.014900803565979004
mp-9676,0.07188200950622559,0.08939144015312195
mp-22003,0.5340260863304138,0.5209122896194458
mp-6112,0.04139268398284912,-0.0363122820854187
mp-17193,0.3654879927635193,0.3045371472835541
mp-322,-0.10790539532899857,-0.21408337354660034
mp-20459,-0.022276394069194794,0.10912474989891052
mp-1001012,0.8506462574005127,0.832548975944519
mp-550893,1.5047426223754883,1.379150629043579
mp-20397,0.012837224639952183,-0.029918551445007324
mp-22253,0.26951295137405396,0.2079618275165558
mp-16755,-0.060480747371912,-0.02910691499710083
mp-871,1.6542727947235107,1.4778168201446533
mp-4016,0.02118929848074913,-0.05108642578125
mp-540635,0.5276299118995667,0.5355475544929504
mp-11695,-0.060480747371912,-0.058800339698791504
mp-20250,0.8909795880317688,0.8557570576667786
mp-404,0.48429983854293823,0.6878767013549805
mp-1078162,0.4857214391231537,0.5159308910369873
mp-21299,0.7951846122741699,0.8786084651947021
mp-3792,1.0692980289459229,1.0177550315856934
mp-31002,-0.18708664178848267,-0.19538086652755737
mp-12903,0.2787536084651947,0.3558369278907776
mp-542812,-0.5228787660598755,-0.6284825801849365
mp-18989,0.9921115040779114,0.8693313598632812
mp-18510,0.6085260510444641,0.5923252701759338
mp-1020631,1.7189996242523193,1.7347289323806763
mp-2672,0.3598354756832123,0.33471351861953735
mp-1019561,0.5797836184501648,0.6015573740005493
mp-680246,-0.022276394069194794,-0.07381802797317505
mp-2832,0.406540185213089,0.43834924697875977
mp-1188364,-0.2676062285900116,-0.20227211713790894
mp-557577,0.6294096112251282,0.5276313424110413
mp-6481,0.5705429315567017,0.7119476795196533
mp-4043,0.307496041059494,0.3432319164276123
mp-1087504,0.3344537615776062,0.4732011556625366
mp-9317,0.25285303592681885,0.34051352739334106
mp-5693,0.761175811290741,0.7531135082244873
mp-1016200,0.8680563569068909,0.8449002504348755
mp-226,0.6928468942642212,0.7163693904876709
mp-1170,-0.6575773358345032,-0.2394334077835083
mp-19907,-0.5686362385749817,-0.5332398414611816
mp-690772,0.626340389251709,0.6182526350021362
mp-541280,0.8633228540420532,0.7188904285430908
mp-12016,0.03342375531792641,0.012724101543426514
mp-14018,0.4031205177307129,0.32686692476272583
mp-1180312,0.9425041079521179,0.8794959187507629
mp-21461,0.1986570805311203,0.2284734845161438
mp-1079260,-0.6197887659072876,-0.569676399230957
mp-5518,0.6190933585166931,0.5446168780326843
mp-7433,0.16731733083724976,0.22546282410621643
mp-605485,0.5965970754623413,0.6836045384407043
mp-6449,0.742725133895874,0.8507506847381592
mp-605485,0.5987905263900757,0.6836045384407043
mp-505244,0.2405492514371872,0.25598466396331787
mp-18005,1.1189258098602295,0.9784864187240601
mp-223,0.6776069402694702,0.6014220118522644
mp-9517,1.1401937007904053,1.0473569631576538
mp-6391,0.9030900001525879,0.9329637289047241
mp-28267,0.1303337663412094,0.18070867657661438
mp-4824,0.2855572998523712,0.3717186450958252
mp-14550,1.1906118392944336,1.2052373886108398
mp-288,1.2986347675323486,1.3939292430877686
mp-560228,0.3710678517818451,0.32493430376052856
mp-2079,0.008600171655416489,0.034111976623535156
mp-22052,0.6693168878555298,0.7217782735824585
mp-28987,0.008600171655416489,0.04171103239059448
mp-9868,0.21748393774032593,0.219877690076828
mp-7945,0.6821450591087341,0.7095726728439331
mp-569170,0.8762178421020508,0.8632731437683105
mp-562764,0.1760912537574768,0.16887569427490234
mp-10328,0.4828735888004303,0.47531357407569885
mp-9775,0.19033169746398926,0.14400431513786316
mp-3762,0.5563024878501892,0.5687184929847717
mp-27377,0.7678976058959961,0.7031266689300537
mp-1105028,0.05690485239028931,0.10566678643226624
mp-16564,0.6937269568443298,0.6327510476112366
mp-18670,0.2576785683631897,0.15824154019355774
mp-691,0.457881897687912,0.3850119113922119
mp-13312,0.33243846893310547,0.3354146480560303
mp-2885,0.8444771766662598,1.0159518718719482
mp-8439,0.15228834748268127,0.1367177963256836
mp-5693,0.7275412678718567,0.7531135082244873
mp-1106215,0.4756712019443512,0.5592724680900574
mp-22408,1.8887970447540283,1.8649628162384033
mp-861942,0.1818435937166214,0.2985561788082123
mp-7029,0.2988530695438385,0.480879008769989
mp-561442,1.3077099323272705,1.3285925388336182
mp-30251,1.0224283933639526,0.9937102794647217
mp-29411,0.1846914291381836,0.1810169219970703
mp-6973,0.012837224639952183,-0.020285189151763916
mp-4338,0.7626785635948181,0.8276851177215576
mp-10063,0.49276039004325867,0.5248649716377258
mp-6600,0.5899496078491211,0.5502875447273254
mp-3451,0.21748393774032593,0.15060782432556152
mp-4351,0.1303337663412094,0.018445730209350586
mp-2030,1.092018485069275,1.081918716430664
mp-1190648,0.4814426302909851,0.5278792381286621
mp-9008,-0.33724215626716614,-0.24506211280822754
mp-3451,0.21484385430812836,0.15060782432556152
mp-471,0.8870543837547302,0.7846235036849976
mp-7623,0.4031205177307129,0.3723140358924866
mp-557183,0.4771212637424469,0.5054755210876465
mp-8768,0.07554696500301361,0.13104531168937683
mp-605485,0.5987905263900757,0.6836045384407043
mp-2951,0.6627578139305115,0.8135459423065186
mp-8717,-0.004364805296063423,0.022472679615020752
mp-7067,0.46389299631118774,0.40901827812194824
mp-3529,0.15533603727817535,0.15912982821464539
mp-7472,-0.060480747371912,0.032516539096832275
mp-17283,-0.013228265568614006,-0.0917431116104126
mp-6507,0.7032913565635681,0.7211266756057739
mp-3668,0.9527924656867981,0.9368674755096436
mp-5056,0.8407332301139832,0.849102258682251
mp-19003,1.3246939182281494,1.199560284614563
mp-1868,0.8779469728469849,0.8302936553955078
mp-523,0.5132176280021667,0.630028247833252
mp-8452,0.3747483491897583,0.3389861583709717
mp-557453,1.395850419998169,1.386879801750183
mp-30019,0.1430148035287857,0.14661726355552673
mp-1079600,-0.1426675021648407,-0.1167834997177124
mp-22739,0.1818435937166214,0.0683789849281311
mp-7983,1.5984622240066528,1.488656759262085
mp-1183370,0.5514500141143799,0.41028159856796265
mp-11790,0.1731862723827362,0.16067710518836975
mp-21299,0.7937904000282288,0.8786084651947021
mp-9634,0.3483048677444458,0.47394609451293945
mp-17275,0.6211763024330139,0.7125980854034424
mp-947,1.003029465675354,1.2733097076416016
mp-569168,0.04921802133321762,0.07907027006149292
mp-569535,0.045322977006435394,0.04104650020599365
mp-1078973,0.5477747321128845,0.428737998008728
mp-12433,0.7930915951728821,0.7111568450927734
mp-15556,-0.130768284201622,-0.05088222026824951
mp-523,0.9561684131622314,0.6300280690193176
mp-1194266,0.0791812464594841,0.07903251051902771
mp-22736,0.8847953677177429,0.882361650466919
mp-1179796,0.1492191106081009,0.12063509225845337
mp-504427,1.0472748279571533,0.968063473701477
mp-3861,1.1781132221221924,1.210334300994873
mp-8262,0.12710480391979218,0.09045341610908508
mp-630528,-0.20760831236839294,0.1398298144340515
mp-1018736,0.01703333854675293,-0.01649308204650879
mp-5342,0.8162413239479065,0.7963548302650452
mp-618991,0.7881683707237244,0.6432591676712036
mp-14,-0.3467874825000763,-0.22743093967437744
mp-556553,1.1231980323791504,0.932221531867981
mp-560188,0.22271646559238434,0.37743696570396423
mp-985831,-0.7958800196647644,-0.5710781812667847
mp-1078500,0.8645110726356506,0.3501102924346924
mp-1394,0.21748393774032593,0.2885977625846863
mp-542188,0.4800069332122803,0.34925204515457153
mp-1103520,-0.08618614822626114,-0.12788206338882446
mp-9516,1.4608978033065796,1.350572943687439
mp-1188559,0.3096301555633545,0.3433058261871338
mp-1020712,1.4058583974838257,1.3580615520477295
mp-571333,0.8401060700416565,0.8990163803100586
mp-866648,0.3344537615776062,0.3783995807170868
mp-5716,0.32221928238868713,0.3216586709022522
